Type,Name,Nationality/Country,Date_Info,Data_ID,Reference
"Individual (개인)","ERIC BADEGE","Democratic Republic of the Congo","","6907993","CDi.001"
"Individual (개인)","FRANK KAKOLELE BWAMBALE","Democratic Republic of the Congo","","6907994","CDi.002"
"Individual (개인)","GASTON IYAMUREMYE","Rwanda","","6907995","CDi.003"
"Individual (개인)","INNOCENT KAINA","","","6907996","CDi.004"
"Individual (개인)","JÉRÔME KAKWAVU BUKANDE","Democratic Republic of the Congo","","6907997","CDi.005"
"Individual (개인)","GERMAIN KATANGA","Democratic Republic of the Congo","1978-04-28","6907998","CDi.006"
"Individual (개인)","THOMAS LUBANGA","Democratic Republic of the Congo","","6908023","CDi.007"
"Individual (개인)","SULTANI MAKENGA","Democratic Republic of the Congo","1973-12-25","6907999","CDi.008"
"Individual (개인)","KHAWA PANGA MANDRO","Democratic Republic of the Congo","1973-08-20","6908000","CDi.009"
"Individual (개인)","CALLIXTE MBARUSHIMANA","Rwanda","1963-07-24","6908001","CDi.010"
"Individual (개인)","IRUTA DOUGLAS MPAMO","Democratic Republic of the Congo","1965-12-28","6908002","CDi.011"
"Individual (개인)","SYLVESTRE MUDACUMURA","Rwanda","","6908003","CDi.012"
"Individual (개인)","LEODOMIR MUGARAGU","Rwanda","","6908004","CDi.013"
"Individual (개인)","LEOPOLD MUJYAMBERE","Rwanda","1962-03-17","6908006","CDi.014"
"Individual (개인)","JAMIL MUKULU","Uganda","1964-01-01","6908005","CDi.015"
"Individual (개인)","IGNACE MURWANASHYAKA","Rwanda","1963-05-14","6908007","CDi.016"
"Individual (개인)","STRATON MUSONI","Rwanda","1961-04-06","6908008","CDi.017"
"Individual (개인)","JULES MUTEBUTSI","Democratic Republic of the Congo","","6908009","CDi.018"
"Individual (개인)","BAUDOIN NGARUYE WA MYAMURO","Democratic Republic of the Congo","1978-04-01","6908010","CDi.019"
"Individual (개인)","MATHIEU, CHUI NGUDJOLO","Democratic Republic of the Congo","1970-10-08","6908011","CDi.020"
"Individual (개인)","FLORIBERT NGABU NJABU","Democratic Republic of the Congo","1971-05-23","6908012","CDi.021"
"Individual (개인)","LAURENT NKUNDA","Democratic Republic of the Congo","1967-02-06","6908013","CDi.022"
"Individual (개인)","FELICIEN NSANZUBUKIRE","Rwanda","","6908014","CDi.023"
"Individual (개인)","PACIFIQUE NTAWUNGUKA","Rwanda","1964-01-01","6908015","CDi.024"
"Individual (개인)","JAMES NYAKUNI","Uganda","","6908016","CDi.025"
"Individual (개인)","STANISLAS NZEYIMANA","Rwanda","1966-01-01","6908017","CDi.026"
"Individual (개인)","DIEUDONNÉ OZIA MAZIO","Democratic Republic of the Congo","1949-06-06","6908018","CDi.027"
"Individual (개인)","JEAN-MARIE LUGERERO RUNIGA","","1966-09-09","6908019","CDi.028"
"Individual (개인)","NTABO NTABERI SHEKA","Democratic Republic of the Congo","1976-04-04","6908020","CDi.029"
"Individual (개인)","BOSCO TAGANDA","Democratic Republic of the Congo","","6908021","CDi.030"
"Individual (개인)","INNOCENT ZIMURINDA","Democratic Republic of the Congo","1972-09-01","6908022","CDi.031"
"Individual (개인)","MUHINDO AKILI MUNDOS","Democratic Republic of the Congo","1972-11-10","6908661","CDi.032"
"Individual (개인)","GUIDON SHIMIRAY MWISSA","","1980-03-13","6908662","CDi.033"
"Individual (개인)","LUCIEN NZAMBAMWITA","Rwanda","","6908663","CDi.034"
"Individual (개인)","GÉDÉON KYUNGU MUTANGA WA BAFUNKWA KANONGA","","","6908664","CDi.035"
"Individual (개인)","SEKA BALUKU","Uganda","","6908834","CDi.036"
"Individual (개인)","PROTOGÈNE RUVUGAYIMIKORE","","","6908955","CDi.037"
"Individual (개인)","BERNARD MAHESHE BYAMUNGU","Democratic Republic of the Congo","1974-10-10","6908954","CDi.038"
"Individual (개인)","APOLLINAIRE HAKIZIMANA","Rwanda","","6908993","CDi.039"
"Individual (개인)","AHMAD MAHMOOD HASSAN","United Republic of Tanzania","1997-07-21","6908994","CDi.040"
"Individual (개인)","MICHEL RUKUNDA","Democratic Republic of the Congo","1974-09-12","6908995","CDi.041"
"Individual (개인)","MOHAMED ALI NKALUBO","Uganda","","6908996","CDi.042"
"Individual (개인)","WILLIAM AMURI YAKUTUMBA","Democratic Republic of the Congo","","6908997","CDi.043"
"Individual (개인)","WILLY NGOMA","Democratic Republic of the Congo","","6908998","CDi.044"
"Individual (개인)","FRANÇOIS YANGOUVONDA BOZIZÉ","Central African Republic","1946-10-14","690727","CFi.001"
"Individual (개인)","NOURREDINE ADAM","Central African Republic","1970-01-01","690728","CFi.002"
"Individual (개인)","ALFRED YEKATOM","Central African Republic","1976-06-23","6908464","CFi.004"
"Individual (개인)","HABIB SOUSSOU","Central African Republic","1980-03-13","6908465","CFi.005"
"Individual (개인)","OUMAR YOUNOUS ABDOULAY","Sudan","1970-04-02","6908466","CFi.006"
"Individual (개인)","HAROUN GAYE","","1968-01-30","6908495","CFi.007"
"Individual (개인)","EUGÈNE BARRET NGAÏKOSSET","","1967-10-08","6908496","CFi.008"
"Individual (개인)","JOSEPH KONY","Uganda","1964-09-18","6908538","CFi.009"
"Individual (개인)","ALI KONY","","","6908549","CFi.010"
"Individual (개인)","SALIM KONY","","","6908550","CFi.011"
"Individual (개인)","ABDOULAYE HISSENE","Central African Republic","1967-01-01","6908579","CFi.012"
"Individual (개인)","MARTIN KOUMTAMADJI","Chad","1965-10-05","6908840","CFi.013"
"Individual (개인)","BI SIDI SOULEMAN","Central African Republic","1962-07-20","6908845","CFi.014"
"Individual (개인)","ALI DARASSA","Central African Republic","1978-09-22","6908867","CFi.015"
"Individual (개인)","IBRAIMA CAMARÁ","Guinea-Bissau","1964-05-11","690789","GBi.001"
"Individual (개인)","CRANHA DANFA","Guinea-Bissau","1957-03-05","690791","GBi.003"
"Individual (개인)","IDRISSA DJALÓ","Guinea-Bissau","1954-12-18","690792","GBi.004"
"Individual (개인)","ANTÓNIO INJAI","Guinea-Bissau","1955-01-20","690793","GBi.005"
"Individual (개인)","TCHIPA NA BIDON","Guinea-Bissau","1954-05-28","690794","GBi.006"
"Individual (개인)","TCHAM NA MAN","Guinea-Bissau","1953-02-27","690795","GBi.007"
"Individual (개인)","ESTÊVÃO NA MENA","Guinea-Bissau","1956-03-07","690796","GBi.008"
"Individual (개인)","DABA NAUALNA","Guinea-Bissau","1966-06-06","690797","GBi.009"
"Individual (개인)","JÚLIO NHATE","Guinea-Bissau","1965-09-28","690798","GBi.010"
"Individual (개인)","MAMADU TURE","Guinea-Bissau","1947-04-26","6907984","GBi.011"
"Individual (개인)","JIMMY CHERIZIER","Haiti","1977-03-30","6908911","HTi.001"
"Individual (개인)","JOHNSON ANDRE","Haiti","","6909378","HTi.002"
"Individual (개인)","RENEL DESTINA","Haiti","1982-06-11","6909380","HTi.003"
"Individual (개인)","WILSON JOSEPH","Haiti","1993-02-28","6909382","HTi.004"
"Individual (개인)","VITELHOMME INNOCENT","Haiti","1986-03-27","6909384","HTi.005"
"Individual (개인)","PROPHANE VICTOR","Haiti","","6909386","HTi.006"
"Individual (개인)","LUCKSON ELAN","Haiti","1988-01-06","6909388","HTi.007"
"Individual (개인)","DIMITRI HERARD","","","6909474","HTi.008"
"Individual (개인)","KEMPES SANON","","","6909475","HTi.009"
"Individual (개인)","SADDAM HUSSEIN AL-TIKRITI","Iraq","1937-04-28","6908048","IQi.001"
"Individual (개인)","QUSAY SADDAM HUSSEIN AL-TIKRITI","Iraq","","6908049","IQi.002"
"Individual (개인)","UDAY SADDAM HUSSEIN AL-TIKRITI","Iraq","","6908050","IQi.003"
"Individual (개인)","ABID HAMID MAHMUD AL-TIKRITI","Iraq","","6908051","IQi.004"
"Individual (개인)","ALI HASSAN AL-MAJID AL-TIKRITI","Iraq","","6908052","IQi.005"
"Individual (개인)","IZZAT IBRAHIM AL-DURI","Iraq","","6908053","IQi.006"
"Individual (개인)","HANI ABD-AL-LATIF TILFAH AL-TIKRITI","Iraq","","6908054","IQi.007"
"Individual (개인)","MUHAMMAD HAMZA ZUBAIDI","Iraq","","6908056","IQi.009"
"Individual (개인)","BARZAN ABD AL-GHAFUR SULAIMAN MAJID AL-TIKRITI","Iraq","","6908058","IQi.011"
"Individual (개인)","MUZAHIM SA'B HASSAN AL-TIKRITI","Iraq","","6908059","IQi.012"
"Individual (개인)","IBRAHIM AHMAD ABD AL-SATTAR MUHAMMED AL-TIKRITI","Iraq","","6908060","IQi.013"
"Individual (개인)","SAIF-AL-DIN FULAYYIH HASSAN TAHA AL-RAWI","Iraq","","6908061","IQi.014"
"Individual (개인)","RAFI ABD-AL-LATIF TILFAH AL-TIKRITI","Iraq","","6908062","IQi.015"
"Individual (개인)","TAHIR JALIL HABBUSH AL-TIKRITI","Iraq","","6908063","IQi.016"
"Individual (개인)","HAMID RAJA SHALAH AL-TIKRITI","Iraq","","6908064","IQi.017"
"Individual (개인)","ABD-AL-TAWWAB MULLAH HUWAYSH","Iraq","1942-03-14","6908066","IQi.019"
"Individual (개인)","TAHA YASSIN RAMADAN AL-JIZRAWI","Iraq","","6908067","IQi.020"
"Individual (개인)","RUKAN RAZUKI ABD-AL-GHAFUR SULAIMAN AL-TIKRITI","Iraq","","6908068","IQi.021"
"Individual (개인)","JAMAL MUSTAFA ABDALLAH SULTAN AL-TIKRITI","Iraq","1955-05-04","6908069","IQi.022"
"Individual (개인)","MIZBAN KHADR HADI","Iraq","","6908070","IQi.023"
"Individual (개인)","TAHA MUHYI-AL-DIN MA'RUF","Iraq","","6908071","IQi.024"
"Individual (개인)","TARIQ AZIZ","Iraq","1936-07-01","6908072","IQi.025"
"Individual (개인)","SULTAN HASHIM AHMAD AL-TA'I","Iraq","","6908074","IQi.027"
"Individual (개인)","HIKMAT MIZBAN IBRAHIM AL-AZZAWI","Iraq","","6908075","IQi.028"
"Individual (개인)","SAB'AWI IBRAHIM HASSAN AL-TIKRITI","Iraq","","6908083","IQi.036"
"Individual (개인)","WATBAN IBRAHIM HASSAN AL-TIKRITI","Iraq","","6908084","IQi.037"
"Individual (개인)","BARZAN IBRAHIM HASSAN AL-TIKRITI","Iraq","","6908085","IQi.038"
"Individual (개인)","HUDA SALIH MAHDI AMMASH","Iraq","","6908086","IQi.039"
"Individual (개인)","YAHIA ABDALLAH AL-UBAIDI","Iraq","","6908091","IQi.044"
"Individual (개인)","NAYIF SHINDAKH THAMIR GHALIB","Iraq","","6908092","IQi.045"
"Individual (개인)","SAIF-AL-DIN AL-MASHHADANI","Iraq","","6908093","IQi.046"
"Individual (개인)","FADIL MAHMUD GHARIB","Iraq","","6908094","IQi.047"
"Individual (개인)","MUHSIN KHADR AL-KHAFAJI","Iraq","","6908095","IQi.048"
"Individual (개인)","Rashid Taan Kathim","Iraq","","6908096","IQi.049"
"Individual (개인)","UGLA ABID SAKR AL-ZUBAISI","Iraq","","6908097","IQi.050"
"Individual (개인)","GHAZI HAMMUD AL-UBAIDI","Iraq","","6908098","IQi.051"
"Individual (개인)","ADIL ABDALLAH MAHDI","Iraq","","6908099","IQi.052"
"Individual (개인)","KHAMIS SIRHAN AL-MUHAMMAD","Iraq","","6908101","IQi.054"
"Individual (개인)","SA'D ABD-AL-MAJID AL-FAISAL AL-TIKRITI","Iraq","","6908102","IQi.055"
"Individual (개인)","SAJIDA KHAYRALLAH TILFAH","Iraq","","6908103","IQi.056"
"Individual (개인)","RAGHAD SADDAM HUSSEIN AL-TIKRITI","Iraq","","6908104","IQi.057"
"Individual (개인)","RANA SADDAM HUSSEIN AL-TIKRITI","Iraq","","6908105","IQi.058"
"Individual (개인)","HALA SADDAM HUSSEIN AL-TIKRITI","Iraq","","6908106","IQi.059"
"Individual (개인)","SAMIRA SHAHBANDAR","Iraq","","6908107","IQi.060"
"Individual (개인)","ALI SADDAM HUSSEIN AL-TIKRITI","Iraq","","6908108","IQi.061"
"Individual (개인)","MOHAMMAD BARZAN IBRAHIM HASAN AL-TIKRITI","Iraq","1972-11-02","6908109","IQi.062"
"Individual (개인)","SAJA BARZAN IBRAHIM HASAN AL-TIKRITI","Iraq","1978-01-01","6908110","IQi.063"
"Individual (개인)","ALI BARZAN IBRAHIM HASAN AL-TIKRITI","Iraq","1981-04-18","6908111","IQi.064"
"Individual (개인)","NOOR BARZAN IBRAHIM HASAN AL-TIKRITI","Iraq","1983-11-02","6908112","IQi.065"
"Individual (개인)","KHAWLA BARZAN IBRAHIM HASAN AL-TIKRITI","Iraq","1986-12-03","6908113","IQi.066"
"Individual (개인)","THORAYA BARZAN IBRAHIM HASAN AL-TIKRITI","Iraq","1980-12-19","6908114","IQi.067"
"Individual (개인)","JAWHAR MAJID AL-DURI","Iraq","","6908115","IQi.068"
"Individual (개인)","Sundus Abd Al-Ghafur","Iraq","","6908116","IQi.069"
"Individual (개인)","NIDAL AL-RABI'I","Iraq","","6908117","IQi.070"
"Individual (개인)","INTISSAR AL-UBAYDI","Iraq","","6908118","IQi.071"
"Individual (개인)","ADNAN S. HASAN AHMED","Iraq","","6908120","IQi.073"
"Individual (개인)","ADIB SHABAN AL-ANI","Iraq","","6908123","IQi.076"
"Individual (개인)","ROODI SLEWA","Iraq","","6908126","IQi.079"
"Individual (개인)","MUHAMMAD YUNIS AHMAD","Iraq","","6908127","IQi.080"
"Individual (개인)","YASIR SABAWI IBRAHIM HASAN AL-TIKRITI","Iraq","1968-05-15","6908128","IQi.081"
"Individual (개인)","OMAR SABAWI IBRAHIM HASAN AL-TIKRITI","Iraq","","6908394","IQi.082"
"Individual (개인)","AYMAN SABAWI IBRAHIM HASAN AL-TIKRITI","Iraq","1971-10-21","6908129","IQi.083"
"Individual (개인)","IBRAHIM SABAWI IBRAHIM HASAN AL-TIKRITI","Iraq","1983-10-25","6908130","IQi.084"
"Individual (개인)","BASHAR SABAWI IBRAHIM HASAN AL-TIKRITI","Iraq","1970-07-17","6908131","IQi.085"
"Individual (개인)","SA’D SABAWI IBRAHIM HASAN AL-TIKRITI","Iraq","1988-09-19","6908132","IQi.086"
"Individual (개인)","FEREIDOUN ABBASI-DAVANI","","","110446","IRi.001"
"Individual (개인)","DAWOOD AGHA-JANI","","1957-04-23","110445","IRi.002"
"Individual (개인)","AZIM AGHAJANI","Iran (Islamic Republic of)","","110444","IRi.003"
"Individual (개인)","ALI AKBAR AHMADIAN","","","110443","IRi.004"
"Individual (개인)","AMIR MOAYYED ALAI","","","110442","IRi.005"
"Individual (개인)","BEHMAN ASGARPOUR","","","110441","IRi.006"
"Individual (개인)","MOHAMMAD FEDAI ASHIANI","","","110440","IRi.007"
"Individual (개인)","ABBAS REZAEE ASHTIANI","","","110439","IRi.008"
"Individual (개인)","BAHMANYAR MORTEZA BAHMANYAR","Iran (Islamic Republic of)","1952-12-31","110438","IRi.009"
"Individual (개인)","HALEH BAKHTIAR","","","110437","IRi.010"
"Individual (개인)","MORTEZA BEHZAD","","1959-06-07","110436","IRi.011"
"Individual (개인)","AHMAD VAHID DASTJERDI","","1954-01-15","110435","IRi.012"
"Individual (개인)","AHMAD DERAKHSHANDEH","","1956-08-11","110434","IRi.013"
"Individual (개인)","MOHAMMAD ESLAMI","","","110433","IRi.014"
"Individual (개인)","REZA-GHOLI ESMAELI","","1961-04-03","110432","IRi.015"
"Individual (개인)","MOHSEN FAKHRIZADEH-MAHABADI","","","110431","IRi.016"
"Individual (개인)","MOHAMMAD HEJAZI","","","110430","IRi.017"
"Individual (개인)","MOHSEN HOJATI","","1955-09-28","110429","IRi.018"
"Individual (개인)","SEYYED HUSSEIN HOSSEINI","","1973-07-27","110428","IRi.019"
"Individual (개인)","MEHRDADA AKHLAGHI KETABACHI","","1958-09-10","110427","IRi.020"
"Individual (개인)","ALI HAJINIA LEILABADI","","1950-02-19","110426","IRi.021"
"Individual (개인)","NASER MALEKI","","","110425","IRi.022"
"Individual (개인)","HAMID-REZA MOHAJERANI","Iran (Islamic Republic of)","1977-09-09","110424","IRi.023"
"Individual (개인)","JAFAR MOHAMMADI","","","110423","IRi.024"
"Individual (개인)","EHSAN MONAJEMI","","","110422","IRi.025"
"Individual (개인)","MOHAMMAD REZA NAQDI","","1949-02-11","110421","IRi.026"
"Individual (개인)","MOHAMMAD MEHDI NEJAD NOURI","","","110420","IRi.027"
"Individual (개인)","HOUSHANG NOBARI","","","110419","IRi.028"
"Individual (개인)","MOHAMMAD QANNADI","Iran (Islamic Republic of)","1952-10-13","110418","IRi.029"
"Individual (개인)","AMIR RAHIMI","","","110417","IRi.030"
"Individual (개인)","JAVAD RAHIQI","","1954-04-24","110416","IRi.031"
"Individual (개인)","ABBAS RASHIDI","","","110415","IRi.032"
"Individual (개인)","MORTEZA REZAIE","","","110414","IRi.033"
"Individual (개인)","M. JAVAD KARIMI SABET","","1973-07-25","110413","IRi.034"
"Individual (개인)","MORTEZA SAFARI","","","110412","IRi.035"
"Individual (개인)","YAHYA RAHIM SAFAVI","","","110411","IRi.036"
"Individual (개인)","SEYED JABER SAFDARI","","","110410","IRi.037"
"Individual (개인)","HOSEIN SALIMI","","","110409","IRi.038"
"Individual (개인)","QASEM SOLEIMANI","","1957-03-11","110408","IRi.039"
"Individual (개인)","GHASEM SOLEYMANI","","","110407","IRi.040"
"Individual (개인)","ALI AKBAR TABATABAEI","Iran (Islamic Republic of)","","110406","IRi.041"
"Individual (개인)","MOHAMMAD REZA ZAHEDI","","","110405","IRi.042"
"Individual (개인)","MOHAMMAD BAQER ZOLQADR","","","110404","IRi.043"
"Individual (개인)","YUN HO-JIN","Democratic People's Republic of Korea","1944-10-13","690734","KPi.001"
"Individual (개인)","RI JE-SON","Democratic People's Republic of Korea","","6908045","KPi.002"
"Individual (개인)","HWANG SOK-HWA","Democratic People's Republic of Korea","1943-09-26","690739","KPi.003"
"Individual (개인)","RI HONG-SOP","Democratic People's Republic of Korea","1940-02-26","690740","KPi.004"
"Individual (개인)","HAN YU-RO","Democratic People's Republic of Korea","","690741","KPi.005"
"Individual (개인)","PAEK CHANG-HO","Democratic People's Republic of Korea","1964-06-18","690747","KPi.006"
"Individual (개인)","CHANG MYONG-CHIN","Democratic People's Republic of Korea","1968-02-19","690743","KPi.007"
"Individual (개인)","RA KY'ONG-SU","Democratic People's Republic of Korea","1954-06-04","690744","KPi.008"
"Individual (개인)","KIM KWANG-IL","Democratic People's Republic of Korea","1969-09-01","690745","KPi.009"
"Individual (개인)","YO'N CHO'NG NAM","Democratic People's Republic of Korea","","690746","KPi.010"
"Individual (개인)","KO CH'O'L-CHAE","Democratic People's Republic of Korea","","690749","KPi.011"
"Individual (개인)","MUN CHO'NG-CH'O'L","Democratic People's Republic of Korea","1964-12-23","690750","KPi.012"
"Individual (개인)","CHOE CHUN-SIK","Democratic People's Republic of Korea","1954-10-12","6908500","KPi.013"
"Individual (개인)","CHOE SONG IL","Democratic People's Republic of Korea","","6908501","KPi.014"
"Individual (개인)","HYON KWANG IL","Democratic People's Republic of Korea","1961-05-27","6908502","KPi.015"
"Individual (개인)","JANG BOM SU","Democratic People's Republic of Korea","1957-04-15","6908503","KPi.016"
"Individual (개인)","JANG YONG SON","Democratic People's Republic of Korea","1957-02-20","6908505","KPi.017"
"Individual (개인)","JON MYONG GUK","Democratic People's Republic of Korea","1976-10-18","6908506","KPi.018"
"Individual (개인)","KANG MUN KIL","Democratic People's Republic of Korea","1963-02-09","6908507","KPi.019"
"Individual (개인)","KANG RYONG","Democratic People's Republic of Korea","1969-08-21","6908508","KPi.020"
"Individual (개인)","KIM JUNG JONG","Democratic People's Republic of Korea","1966-11-07","6908498","KPi.021"
"Individual (개인)","KIM KYU","Democratic People's Republic of Korea","1968-07-30","6908509","KPi.022"
"Individual (개인)","KIM TONG MY’ONG","Democratic People's Republic of Korea","1962-08-28","6908497","KPi.023"
"Individual (개인)","KIM YONG CHOL","Democratic People's Republic of Korea","1962-02-18","6908511","KPi.024"
"Individual (개인)","KO TAE HUN","Democratic People's Republic of Korea","1972-05-25","6908512","KPi.025"
"Individual (개인)","RI MAN GON","Democratic People's Republic of Korea","1945-10-29","6908513","KPi.026"
"Individual (개인)","RYU JIN","Democratic People's Republic of Korea","1965-08-07","6908514","KPi.027"
"Individual (개인)","YU CHOL U","Democratic People's Republic of Korea","1959-08-08","6908515","KPi.028"
"Individual (개인)","PAK CHUN IL","Democratic People's Republic of Korea","1954-07-28","6908554","KPi.029"
"Individual (개인)","KIM SONG CHOL","Democratic People's Republic of Korea","1968-03-26","6908558","KPi.030"
"Individual (개인)","SON JONG HYOK","Democratic People's Republic of Korea","1980-05-20","6908564","KPi.031"
"Individual (개인)","KIM SE GON","Democratic People's Republic of Korea","1969-11-13","6908573","KPi.032"
"Individual (개인)","RI WON HO","Democratic People's Republic of Korea","1964-07-17","6908555","KPi.033"
"Individual (개인)","JO YONG CHOL","Democratic People's Republic of Korea","1973-09-30","6908565","KPi.034"
"Individual (개인)","KIM CHOL SAM","Democratic People's Republic of Korea","1971-03-11","6908566","KPi.035"
"Individual (개인)","KIM SOK CHOL","Democratic People's Republic of Korea","1955-05-08","6908568","KPi.036"
"Individual (개인)","CHANG CHANG HA","Democratic People's Republic of Korea","1964-01-10","6908570","KPi.037"
"Individual (개인)","CHO CHUN RYONG","Democratic People's Republic of Korea","1960-04-04","6908571","KPi.038"
"Individual (개인)","SON MUN SAN","Democratic People's Republic of Korea","1951-01-23","6908572","KPi.039"
"Individual (개인)","CHO IL U","Democratic People's Republic of Korea","1945-05-10","6908580","KPi.040"
"Individual (개인)","CHO YON CHUN","Democratic People's Republic of Korea","1937-09-28","6908581","KPi.041"
"Individual (개인)","CHOE HWI","Democratic People's Republic of Korea","","6908582","KPi.042"
"Individual (개인)","JO YONG-WON","Democratic People's Republic of Korea","1957-10-24","6908583","KPi.043"
"Individual (개인)","KIM CHOL NAM","Democratic People's Republic of Korea","1970-02-19","6908584","KPi.044"
"Individual (개인)","KIM KYONG OK","Democratic People's Republic of Korea","","6908585","KPi.045"
"Individual (개인)","KIM TONG-HO","Democratic People's Republic of Korea","1969-08-18","6908586","KPi.046"
"Individual (개인)","MIN BYONG CHOL","Democratic People's Republic of Korea","1948-08-10","6908587","KPi.047"
"Individual (개인)","PAEK SE BONG","Democratic People's Republic of Korea","1938-03-21","6908588","KPi.048"
"Individual (개인)","PAK HAN SE","Democratic People's Republic of Korea","","6908589","KPi.049"
"Individual (개인)","PAK TO CHUN","Democratic People's Republic of Korea","1944-03-09","6908590","KPi.050"
"Individual (개인)","RI JAE IL","Democratic People's Republic of Korea","","6908591","KPi.051"
"Individual (개인)","RI SU YONG","Democratic People's Republic of Korea","1968-06-25","6908592","KPi.052"
"Individual (개인)","RI YONG MU","Democratic People's Republic of Korea","1925-01-25","6908593","KPi.053"
"Individual (개인)","CHOE CHUN YONG","Democratic People's Republic of Korea","","6908613","KPi.054"
"Individual (개인)","HAN JANG SU","Democratic People's Republic of Korea","1969-11-07","6908614","KPi.055"
"Individual (개인)","JANG SONG CHOL","Democratic People's Republic of Korea","1967-03-12","6908615","KPi.056"
"Individual (개인)","JANG SUNG NAM","Democratic People's Republic of Korea","1970-07-14","6908616","KPi.057"
"Individual (개인)","JO CHOL SONG","Democratic People's Republic of Korea","1984-09-25","6908617","KPi.058"
"Individual (개인)","KANG CHOL SU","Democratic People's Republic of Korea","1969-02-13","6908618","KPi.059"
"Individual (개인)","KIM MUN CHOL","Democratic People's Republic of Korea","1957-03-25","6908619","KPi.060"
"Individual (개인)","KIM NAM UNG","Democratic People's Republic of Korea","","6908620","KPi.061"
"Individual (개인)","Pak Il Kyu","Democratic People's Republic of Korea","","6908621","KPi.062"
"Individual (개인)","PAK YONG SIK","Democratic People's Republic of Korea","","6908626","KPi.063"
"Individual (개인)","CH'OE SO’K MIN","Democratic People's Republic of Korea","1978-07-25","6908640","KPi.064"
"Individual (개인)","CHU HYO’K","Democratic People's Republic of Korea","1986-11-22","6908641","KPi.065"
"Individual (개인)","KIM JONG SIK","Democratic People's Republic of Korea","","6908643","KPi.066"
"Individual (개인)","KIM KYONG IL","Democratic People's Republic of Korea","1979-08-01","6908644","KPi.067"
"Individual (개인)","KIM TONG CHOL","Democratic People's Republic of Korea","1966-01-27","6908645","KPi.068"
"Individual (개인)","KO CHOL MAN","Democratic People's Republic of Korea","1967-09-30","6908646","KPi.069"
"Individual (개인)","KU JA HYONG","Democratic People's Republic of Korea","1957-09-08","6908647","KPi.070"
"Individual (개인)","MUN KYONG HWAN","Democratic People's Republic of Korea","1967-08-22","6908648","KPi.071"
"Individual (개인)","PAE WON UK","Democratic People's Republic of Korea","1969-08-22","6908649","KPi.072"
"Individual (개인)","PAK BONG NAM","Democratic People's Republic of Korea","1969-05-06","6908650","KPi.073"
"Individual (개인)","RI CHUN HWAN","Democratic People's Republic of Korea","1957-08-21","6908652","KPi.074"
"Individual (개인)","RI CHUN SONG","Democratic People's Republic of Korea","1965-10-30","6908653","KPi.075"
"Individual (개인)","RI PYONG CHUL","Democratic People's Republic of Korea","","6908654","KPi.076"
"Individual (개인)","RI SONG HYOK","Democratic People's Republic of Korea","1965-03-19","6908655","KPi.077"
"Individual (개인)","RI U’N SO’NG","Democratic People's Republic of Korea","1969-07-22","6908656","KPi.078"
"Individual (개인)","PAK MUN IL","Democratic People's Republic of Korea","1965-01-01","6908651","KPi.079"
"Individual (개인)","TSANG YUNG YUAN","","1957-10-20","6908690","KPi.080"
"Individual (개인)","ABDULQADER MOHAMMED AL-BAGHDADI","","1950-07-01","690730","LYi.001"
"Individual (개인)","ABDULQADER YUSEF DIBRI","","","690731","LYi.002"
"Individual (개인)","SAYYID MOHAMMED QADHAF AL-DAM","","","690732","LYi.003"
"Individual (개인)","QUREN SALIH QUREN AL QADHAFI","","","690736","LYi.004"
"Individual (개인)","AMID HUSAIN AL KUNI","","","690737","LYi.005"
"Individual (개인)","ABU ZAYD UMAR DORDA","","1944-04-04","690738","LYi.006"
"Individual (개인)","ABU BAKR YUNIS JABIR","","","690748","LYi.007"
"Individual (개인)","MATUQ MOHAMMED MATUQ","","","690754","LYi.008"
"Individual (개인)","AISHA MUAMMAR MUHAMMED ABU MINYAR QADHAFI","","1978-01-01","690757","LYi.009"
"Individual (개인)","HANNIBAL MUAMMAR QADHAFI","","1975-09-20","690771","LYi.010"
"Individual (개인)","KHAMIS MUAMMAR QADHAFI","","","690772","LYi.011"
"Individual (개인)","MOHAMMED MUAMMAR QADHAFI","","","690773","LYi.012"
"Individual (개인)","MUAMMAR MOHAMMED ABU MINYAR QADHAFI","","","690774","LYi.013"
"Individual (개인)","MUTASSIM QADHAFI","","1974-02-05","690775","LYi.014"
"Individual (개인)","SAADI QADHAFI","","1973-05-27","690776","LYi.015"
"Individual (개인)","SAIF AL-ARAB QADHAFI","","","690777","LYi.016"
"Individual (개인)","SAIF AL-ISLAM QADHAFI","","1972-06-25","690778","LYi.017"
"Individual (개인)","ABDULLAH AL-SENUSSI","","","690779","LYi.018"
"Individual (개인)","SAFIA FARKASH AL-BARASSI","","","690780","LYi.019"
"Individual (개인)","Ermias Alem","Eritrea","","6908702","LYi.021"
"Individual (개인)","Fitiwi Abdelrazak","Eritrea","","6908703","LYi.022"
"Individual (개인)","Ahmad Oumar Imhamad al-Fitouri","Libya","1988-05-07","6908704","LYi.023"
"Individual (개인)","Mus’ab Mustafa Abu al Qassim Omar","Libya","1983-01-19","6908705","LYi.024"
"Individual (개인)","Mohammed Al Amin Al-Arabi Kashlaf","Libya","1985-12-02","6908706","LYi.025"
"Individual (개인)","Abd Al-Rahman SALIM IBRAHIM AL-MILAD","Libya","1986-07-27","6908707","LYi.026"
"Individual (개인)","Ibrahim Saeed Salim Jadhran","Libya","1982-10-29","6908715","LYi.027"
"Individual (개인)","Salah Badi","","","6908759","LYi.028"
"Individual (개인)","Osama Al Kuni Ibrahim","Libya","1976-04-02","6908848","LYi.029"
"Individual (개인)","MOHAMMED SALAHALDIN ABD EL HALIM ZIDANE","Egypt","1963-04-11","113219","QDi.001"
"Individual (개인)","AMIN MUHAMMAD UL HAQ SAAM KHAN","Afghanistan","","111497","QDi.002"
"Individual (개인)","SALIM AHMAD SALIM HAMDAN","Yemen","","111919","QDi.003"
"Individual (개인)","AIMAN MUHAMMED RABI AL-ZAWAHIRI","Egypt","1951-06-19","111923","QDi.006"
"Individual (개인)","BILAL BIN MARWAN","","","111942","QDi.009"
"Individual (개인)","NASHWAN ABD AL-RAZZAQ ABD AL-BAQI","Iraq","","111900","QDi.012"
"Individual (개인)","TARIQ ANWAR EL SAYED AHMED","Egypt","1963-03-15","111498","QDi.014"
"Individual (개인)","MAHFOUZ OULD AL-WALID","Mauritania","1975-01-01","112026","QDi.015"
"Individual (개인)","THARWAT SALAH SHIHATA","Egypt","1960-06-29","111782","QDi.017"
"Individual (개인)","ABDUL MANAN AGHA","","","111514","QDi.018"
"Individual (개인)","ABDULLAH AHMED ABDULLAH EL ALFI","Egypt","1963-06-06","111947","QDi.019"
"Individual (개인)","MOHAMMAD HAMDI MOHAMMAD SADIQ AL-AHDAL","Yemen","1971-11-19","111660","QDi.020"
"Individual (개인)","AHMED KHALFAN GHAILANI","United Republic of Tanzania","1974-03-14","112044","QDi.028"
"Individual (개인)","RAED MUHAMMAD HASAN MUHAMMAD HIJAZI","Jordan","1968-12-30","112078","QDi.029"
"Individual (개인)","OMAR MAHMOUD UTHMAN","Jordan","1960-12-30","112283","QDi.031"
"Individual (개인)","ABDUL RAHMAN YASIN","United States of America","1960-04-10","113328","QDi.037"
"Individual (개인)","HASSAN DAHIR AWEYS","Somalia","","111944","QDi.042"
"Individual (개인)","MAJEED ABDUL CHAUDHRY","Pakistan","1939-04-15","111449","QDi.054"
"Individual (개인)","MAHMOOD SULTAN BASHIR-UD-DIN","Pakistan","","112032","QDi.055"
"Individual (개인)","MOHAMMED TUFAIL","Pakistan","1930-05-05","113440","QDi.056"
"Individual (개인)","IBRAHIM ALI ABU BAKR TANTOUSH","Libya","1966-02-02","111639","QDi.057"
"Individual (개인)","BOUBEKEUR BOULGHITI","Algeria","1970-02-13","111902","QDi.058"
"Individual (개인)","KHALID ABD AL-RAHMAN HAMD AL-FAWAZ","Saudi Arabia","1962-08-24","111763","QDi.059"
"Individual (개인)","MOHAMED BEN BELGACEM BEN ABDALLAH AL-AOUADI","Tunisia","1974-12-11","111735","QDi.060"
"Individual (개인)","MOHAMED LAKHAL","Tunisia","1970-02-05","111796","QDi.062"
"Individual (개인)","SAMI BEN KHAMIS BEN SALEH ELSSEID","Tunisia","1968-02-10","111806","QDi.064"
"Individual (개인)","ABD EL KADER MAHMOUD MOHAMED EL SAYED","Egypt","1962-12-26","111805","QDi.065"
"Individual (개인)","MOSTAFA KAMEL MOSTAFA IBRAHIM","United Kingdom of Great Britain and Northern Ireland","1958-04-15","112166","QDi.067"
"Individual (개인)","ADEL BEN AL-AZHAR BEN YOUSSEF HAMDI","Tunisia","1970-07-14","112033","QDi.068"
"Individual (개인)","MEHDI BEN MOHAMED BEN MOHAMED KAMMOUN","Tunisia","1968-04-03","112248","QDi.072"
"Individual (개인)","TAREK BEN HABIB BEN AL-TOUMI AL-MAAROUFI","Tunisia","1965-11-23","111920","QDi.074"
"Individual (개인)","ABDELHALIM HAFED ABDELFATTAH REMADNA","Algeria","1966-04-02","113322","QDi.075"
"Individual (개인)","ISAM ALI MOHAMED ALOUCHE","Jordan","1974-03-21","113223","QDi.076"
"Individual (개인)","SAID BAHAJI","Germany","1975-07-15","112030","QDi.080"
"Individual (개인)","RAMZI MOHAMED ABDULLAH BINALSHIBH","Yemen","1972-05-01","111943","QDi.081"
"Individual (개인)","MOUNIR EL MOTASSADEQ","Morocco","1974-04-03","111951","QDi.082"
"Individual (개인)","ZAKARYA ESSABAR","Morocco","1977-04-03","112043","QDi.083"
"Individual (개인)","MOHAMAD IQBAL ABDURRAHMAN","Indonesia","1957-08-17","111451","QDi.086"
"Individual (개인)","NURJAMAN RIDUAN ISAMUDDIN","Indonesia","1964-04-04","112001","QDi.087"
"Individual (개인)","MEHREZ BEN MAHMOUD BEN SASSI AL-AMDOUNI","Tunisia","1969-12-18","111734","QDi.092"
"Individual (개인)","MOUSSA BEN OMAR BEN ALI ESSAADI","Tunisia","1964-12-04","112042","QDi.096"
"Individual (개인)","AGUS DWIKARNA","Indonesia","1964-08-11","112039","QDi.111"
"Individual (개인)","SALIM Y SALAMUDDIN JULKIPLI","Philippines","1967-06-20","112007","QDi.114"
"Individual (개인)","ARIS MUNANDAR","Indonesia","1971-01-01","113211","QDi.119"
"Individual (개인)","ABDUL HAKIM MURAD","Pakistan","1968-04-11","113313","QDi.120"
"Individual (개인)","PARLINDUNGAN SIREGAR","Indonesia","1957-04-25","113220","QDi.122"
"Individual (개인)","YASSIN SYAWAL","Indonesia","1962-09-03","113222","QDi.123"
"Individual (개인)","YAZID SUFAAT","Malaysia","1964-01-20","113439","QDi.124"
"Individual (개인)","YUNOS UMPARA MOKLIS","Philippines","1966-07-07","113442","QDi.126"
"Individual (개인)","DJAMEL MOUSTFA","Algeria","1973-09-28","112379","QDi.129"
"Individual (개인)","DAWOOD IBRAHIM KASKAR","India","1955-12-26","112138","QDi.135"
"Individual (개인)","MOKHTAR BELMOKHTAR","Algeria","1972-06-01","111794","QDi.136"
"Individual (개인)","IMED BEN MEKKI ZARKAOUI","Tunisia","1973-01-15","111922","QDi.139"
"Individual (개인)","KAMAL BEN MAOELDI BEN HASSAN AL-HAMRAOUI","Tunisia","1977-10-21","111916","QDi.140"
"Individual (개인)","MAXAMED CABDULLAAH CIISE","Somalia","1974-10-08","112035","QDi.141"
"Individual (개인)","RADI ABD EL SAMIE ABOU EL YAZID EL AYASHI","Egypt","1972-01-02","112040","QDi.142"
"Individual (개인)","HAMADI BEN ABDUL AZIZ BEN ALI BOUYEHIA","Tunisia","1966-05-29","111799","QDi.143"
"Individual (개인)","MOHAMMAD TAHIR HAMMID HUSSEIN","Iraq","1975-11-01","111810","QDi.144"
"Individual (개인)","MOHAMED AMIN MOSTAFA","Iraq","1975-10-11","112378","QDi.147"
"Individual (개인)","NOUREDDINE BEN ALI BEN BELKASSEM AL-DRISSI","Tunisia","1964-04-30","111837","QDi.149"
"Individual (개인)","AL-AZHAR BEN KHALIFA BEN AHMED ROUINE","Tunisia","1975-11-20","113436","QDi.150"
"Individual (개인)","SAIFI AMMARI","Algeria","1968-01-01","112028","QDi.152"
"Individual (개인)","SULAIMAN JASSEM SULAIMAN ALI ABO GHAITH","Kuwait","1965-12-14","111496","QDi.154"
"Individual (개인)","DJAMEL LOUNICI","Algeria","1962-02-01","112494","QDi.155"
"Individual (개인)","ABD-AL-MAJID AZIZ AL-ZINDANI","Yemen","","111924","QDi.156"
"Individual (개인)","KAMEL DJERMANE","Algeria","1965-10-12","112037","QDi.167"
"Individual (개인)","HABIB BEN AHMED AL-LOUBIRI","Tunisia","1961-11-17","111785","QDi.177"
"Individual (개인)","MUHSIN FADHIL AYED ASHOUR AL-FADHLI","Kuwait","1981-04-24","111704","QDi.184"
"Individual (개인)","ABU RUSDAN","","1960-08-16","113215","QDi.186"
"Individual (개인)","ARIS SUMARSONO","Indonesia","1963-04-19","113444","QDi.187"
"Individual (개인)","FAYCAL BOUGHANEMI","Tunisia","1966-10-28","111798","QDi.188"
"Individual (개인)","ABDELKADER LAAGOUB","Morocco","1966-04-23","112483","QDi.190"
"Individual (개인)","ABD ALLAH MOHAMED RAGAB ABDEL RAHMAN","Egypt","1957-11-03","111533","QDi.192"
"Individual (개인)","ZAKI EZAT ZAKI AHMED","Egypt","1960-04-21","111641","QDi.193"
"Individual (개인)","ALI SAYYID MUHAMED MUSTAFA BAKRI","Egypt","1966-04-18","113212","QDi.196"
"Individual (개인)","HANI AL-SAYYID AL-SEBAI YUSIF","Egypt","1961-03-01","112021","QDi.198"
"Individual (개인)","FARHAD KANABI AHMAD","Iraq","1971-07-01","111953","QDi.203"
"Individual (개인)","ISNILON TOTONI HAPILON","Philippines","1966-03-18","112075","QDi.204"
"Individual (개인)","RADULAN SAHIRON","Philippines","","113323","QDi.208"
"Individual (개인)","ABDULLAH ANSHORI","Indonesia","","111790","QDi.216"
"Individual (개인)","ABU BAKAR BA'ASYIR","Indonesia","1938-08-17","111792","QDi.217"
"Individual (개인)","GUN GUN RUSMAN GUNAWAN","Indonesia","1977-07-06","111952","QDi.218"
"Individual (개인)","TAUFIK RIFKI","Indonesia","1974-08-19","113435","QDi.219"
"Individual (개인)","NESSIM BEN ROMDHANE SAHRAOUI","Tunisia","1973-08-03","2758395","QDi.222"
"Individual (개인)","MERAI ABDEFATTAH KHALIL ZOGHBI","Libya","1969-04-04","2758288","QDi.223"
"Individual (개인)","NAJMUDDIN FARAJ AHMAD","Iraq","1956-07-07","2762998","QDi.226"
"Individual (개인)","MOHAMMED AL GHABRA","United Kingdom of Great Britain and Northern Ireland","1980-06-01","2760967","QDi.228"
"Individual (개인)","ALY SOLIMAN MASSOUD ABDUL SAYED","Libya","","2786469","QDi.229"
"Individual (개인)","SALEM NOR ELDIN AMOHAMED AL-DABSKI","Libya","","2786246","QDi.231"
"Individual (개인)","ABDELMALEK DROUKDEL","Algeria","1970-04-20","2785476","QDi.232"
"Individual (개인)","HAMID ABDALLAH AHMAD AL-ALI","Kuwait","1960-01-20","2797951","QDi.236"
"Individual (개인)","JABER ABDALLAH JABER AHMAD AL-JALAHMAH","Kuwait","1959-09-24","2797952","QDi.237"
"Individual (개인)","MUBARAK MUSHAKHAS SANAD MUBARAK AL-BATHALI","Kuwait","1961-10-01","2797841","QDi.238"
"Individual (개인)","ANGELO RAMIREZ TRINIDAD","Philippines","1978-03-20","2813362","QDi.241"
"Individual (개인)","DINNO AMOR ROSALEJOS PAREJA","Philippines","1981-07-19","2812923","QDi.242"
"Individual (개인)","FELICIANO SEMBORIO DELOS REYES JR.","Philippines","1963-11-04","2813147","QDi.243"
"Individual (개인)","HILARION DEL ROSARIO SANTOS","Philippines","1966-03-12","2813148","QDi.244"
"Individual (개인)","PIO ABOGNE DE VERA","Philippines","1969-12-19","2813149","QDi.245"
"Individual (개인)","REDENDO CAIN DELLOSA","Philippines","1972-05-15","2813036","QDi.246"
"Individual (개인)","RUBEN PESTANO LAVILLA, JR","Philippines","1972-10-04","2813150","QDi.247"
"Individual (개인)","RICARDO PEREZ AYERAS","Philippines","1973-09-15","2813253","QDi.248"
"Individual (개인)","YAHIA DJOUADI","Algeria","1967-01-01","2816344","QDi.249"
"Individual (개인)","AMOR MOHAMED GHEDEIR","Algeria","","2816565","QDi.250"
"Individual (개인)","SALAH EDDINE GASMI","Algeria","1971-04-13","2816345","QDi.251"
"Individual (개인)","AHMED DEGHDEGH","Algeria","1967-01-17","2816243","QDi.252"
"Individual (개인)","ADEM YILMAZ","Türkiye","1978-11-04","2830354","QDi.261"
"Individual (개인)","REDOUANE EL HABHAB","Germany","1969-12-20","2830919","QDi.262"
"Individual (개인)","HAFIZ MUHAMMAD SAEED","Pakistan","1950-06-05","2833107","QDi.263"
"Individual (개인)","ZAKI-UR-REHMAN LAKHVI","Pakistan","1960-12-30","2832887","QDi.264"
"Individual (개인)","HAJI MUHAMMAD ASHRAF","Pakistan","1965-03-01","2832890","QDi.265"
"Individual (개인)","MAHMOUD MOHAMMAD AHMED BAHAZIQ","Saudi Arabia","1943-08-17","2832991","QDi.266"
"Individual (개인)","ABDUL HAQ","China","1971-10-10","2854925","QDi.268"
"Individual (개인)","ARIF QASMANI","Pakistan","","2863362","QDi.271"
"Individual (개인)","MOHAMMED YAHYA MUJAHID","Pakistan","1961-03-12","2863574","QDi.272"
"Individual (개인)","FAZEEL-A-TUL SHAYKH ABU MOHAMMED AMEEN AL-PESHAWARI","Afghanistan","","2863393","QDi.273"
"Individual (개인)","AKRAM TURKI HISHAN AL-MAZIDIH","","","2892251","QDi.276"
"Individual (개인)","GHAZY FEZZA HISHAN AL-MAZIDIH","","","2892252","QDi.277"
"Individual (개인)","MUTHANNA HARITH SALMAN AL-DARI","Iraq","1969-06-16","2894441","QDi.278"
"Individual (개인)","MOHAMED BELKALEM","Algeria","1969-12-19","2902221","QDi.279"
"Individual (개인)","TAYEB NAIL","Algeria","","2901762","QDi.280"
"Individual (개인)","QASIM MOHAMED MAHDI AL-RIMI","Yemen","1978-06-05","2903810","QDi.282"
"Individual (개인)","ANWAR NASSER ABDULLA AL-AULAQI","United States of America","1971-04-21","2913655","QDi.283"
"Individual (개인)","SAID JAN ‘ABD AL-SALAM","Afghanistan","1981-02-05","2959427","QDi.289"
"Individual (개인)","DOKU KHAMATOVICH UMAROV","Russian Federation","1964-04-13","2960872","QDi.290"
"Individual (개인)","IBRAHIM HASSAN TALI AL-ASIRI","Saudi Arabia","1982-04-19","2962519","QDi.291"
"Individual (개인)","OTHMAN AHMED OTHMAN AL-GHAMDI","Saudi Arabia","1979-05-27","2968403","QDi.292"
"Individual (개인)","ABDUL RAHIM BA'AYSIR","Indonesia","1977-11-16","2971675","QDi.293"
"Individual (개인)","UMAR PATEK","Indonesia","1966-07-20","2971762","QDi.294"
"Individual (개인)","MUHAMMAD JIBRIL ABDUL RAHMAN","Indonesia","1984-05-28","2972739","QDi.295"
"Individual (개인)","MATI UR-REHMAN ALI MUHAMMAD","Pakistan","","2973988","QDi.296"
"Individual (개인)","ABD AL-RAHMAN OULD MUHAMMAD AL-HUSAYN OULD MUHAMMAD SALIM","Mauritania","","2974555","QDi.298"
"Individual (개인)","IBRAHIM AWWAD IBRAHIM ALI AL-BADRI AL-SAMARRAI","Iraq","","2975516","QDi.299"
"Individual (개인)","MONIR CHOUKA","Germany","1981-07-30","2982105","QDi.300"
"Individual (개인)","YASSIN CHOUKA","Germany","1984-12-11","2981652","QDi.301"
"Individual (개인)","FAZAL RAHIM","Afghanistan","1974-01-05","2983791","QDi.303"
"Individual (개인)","MOCHAMMAD ACHWAN","Indonesia","1948-05-04","2983821","QDi.304"
"Individual (개인)","ABDUL ROSYID RIDHO BA'ASYIR","Indonesia","1974-01-31","2983638","QDi.305"
"Individual (개인)","MUSTAFA HAJJI MUHAMMAD KHAN","Pakistan","","2983746","QDi.306"
"Individual (개인)","HAFIZ ABDUL SALAM BHUTTAVI","Pakistan","","2983834","QDi.307"
"Individual (개인)","ZAFAR IQBAL","Pakistan","1953-10-04","2983973","QDi.308"
"Individual (개인)","ABDUR REHMAN","Pakistan","1965-10-03","2983651","QDi.309"
"Individual (개인)","AYYUB BASHIR","Uzbekistan","","2999481","QDi.311"
"Individual (개인)","AAMIR ALI CHAUDHRY","Pakistan","1986-08-03","2999482","QDi.312"
"Individual (개인)","DJAMEL AKKACHA","Algeria","1978-05-09","3002734","QDi.313"
"Individual (개인)","ABDERRAHMANE OULD EL AMAR","Mali","","3012888","QDi.314"
"Individual (개인)","HAMADA OULD MOHAMED EL KHAIRY","Mauritania","","3013119","QDi.315"
"Individual (개인)","IYAD AG GHALI","Mali","","3012677","QDi.316"
"Individual (개인)","MUHAMMAD JAMAL ABD-AL RAHIM AHMAD AL-KASHIF","Egypt","1964-01-01","3026942","QDi.318"
"Individual (개인)","MOHAMED LAHBOUS","Mali","","3026710","QDi.319"
"Individual (개인)","ABD-AL-HAMID AL-MASLI","Libya","","3029127","QDi.320"
"Individual (개인)","ABUBAKAR MOHAMMED SHEKAU","Nigeria","","6908425","QDi.322"
"Individual (개인)","SAID ARIF","Algeria","1964-06-25","6908423","QDi.323"
"Individual (개인)","ABDUL MOHSEN ABDALLAH IBRAHIM AL CHAREKH","Saudi Arabia","1985-07-13","6908400","QDi.324"
"Individual (개인)","ABOU MOHAMED AL ADNANI","Iraq","","6908395","QDi.325"
"Individual (개인)","HAMID HAMAD HAMID AL-‘ALI","Kuwait","1960-11-17","6908398","QDi.326"
"Individual (개인)","ABDELRAHMAN MOUHAMAD ZAFIR AL DABIDI AL JAHANI","Saudi Arabia","1971-12-04","6908424","QDi.327"
"Individual (개인)","AHMED ABDULLAH SALEH AL-KHAZMARI AL-ZAHRANI","Saudi Arabia","1978-09-15","6908407","QDi.329"
"Individual (개인)","AZZAM ABDULLAH ZUREIK AL-MAULID AL-SUBHI","Saudi Arabia","1976-04-12","6908408","QDi.330"
"Individual (개인)","ANDERS CAMEROON OSTENSVIG DALE","Norway","1978-10-19","6908411","QDi.331"
"Individual (개인)","IBRAHIM SULEIMAN HAMAD AL-HABLAIN","Saudi Arabia","1984-12-17","6908401","QDi.332"
"Individual (개인)","SEIFALLAH BEN OMAR BEN MOHAMED BEN HASSINE","Tunisia","1965-11-08","6908413","QDi.333"
"Individual (개인)","‘ABD AL-RAHMAN BIN ‘UMAYR AL-NU’AYMI","Qatar","","6908414","QDi.334"
"Individual (개인)","‘ABD AL-RAHMAN KHALAF ‘UBAYD JUDAY’ AL-‘ANIZI","Kuwait","1973-03-06","6908399","QDi.335"
"Individual (개인)","MAYSAR ALI MUSA ABDALLAH AL-JUBURI","Iraq","1976-06-01","6908417","QDi.337"
"Individual (개인)","SHAFI SULTAN MOHAMMED AL-AJMI","Kuwait","1973-01-01","6908397","QDi.338"
"Individual (개인)","‘ABD AL-RAHMAN MUHAMMAD MUSTAFA AL-QADULI","Iraq","","6908419","QDi.339"
"Individual (개인)","EMILIE EDWIGE KONIG","France","1984-12-09","6908420","QDi.340"
"Individual (개인)","KEVIN JORDAN AXEL GUIAVARCH","France","1993-03-12","6908421","QDi.341"
"Individual (개인)","OUMAR DIABY","Senegal","1975-08-05","6908422","QDi.342"
"Individual (개인)","ASHRAF MUHAMMAD YUSUF 'UTHMAN 'ABD AL-SALAM","Jordan","","6908440","QDi.343"
"Individual (개인)","IBRAHIM 'ISA HAJJI MUHAMMAD AL-BAKR","Qatar","1977-07-12","6908441","QDi.344"
"Individual (개인)","TARKHAN TAYUMURAZOVICH BATIRASHVILI","Georgia","1986-01-11","6908442","QDi.345"
"Individual (개인)","ANGGA DIMAS PERSHADA","Indonesia","1985-03-04","6908445","QDi.348"
"Individual (개인)","BAMBANG SUKIRNO","Indonesia","1975-04-05","6908446","QDi.349"
"Individual (개인)","WIJI JOKO SANTOSO","Indonesia","1975-07-14","6908447","QDi.350"
"Individual (개인)","MAULANA FAZLULLAH","","","6908452","QDi.352"
"Individual (개인)","ALI BEN TAHER BEN FALEH OUNI HARZI","Tunisia","1986-03-09","6908453","QDi.353"
"Individual (개인)","TARAK BEN TAHER BEN FALEH OUNI HARZI","Tunisia","1982-05-03","6908454","QDi.354"
"Individual (개인)","SOFIANE BEN GOUMO","Libya","1959-06-26","6908468","QDi.355"
"Individual (개인)","AQSA MAHMOOD","United Kingdom of Great Britain and Northern Ireland","1994-05-11","6908473","QDi.356"
"Individual (개인)","ASEEL MUTHANA","United Kingdom of Great Britain and Northern Ireland","1996-11-22","6908484","QDi.357"
"Individual (개인)","NASSER AHMED MUTHANA","United Kingdom of Great Britain and Northern Ireland","1994-04-29","6908474","QDi.358"
"Individual (개인)","OMAR ALI HUSSAIN","United Kingdom of Great Britain and Northern Ireland","1987-03-21","6908475","QDi.359"
"Individual (개인)","SALLY-ANNE FRANCES JONES","United Kingdom of Great Britain and Northern Ireland","1968-11-17","6908476","QDi.360"
"Individual (개인)","AMRU AL-ABSI","","","6908477","QDi.361"
"Individual (개인)","MAGHOMED MAGHOMEDZAKIROVICH ABDURAKHMANOV","Russian Federation","1974-11-24","6908487","QDi.363"
"Individual (개인)","ISLAM SEIT-UMAROVICH ATABIEV","Russian Federation","1983-09-29","6908488","QDi.364"
"Individual (개인)","AKHMED RAJAPOVICH CHATAEV","Russian Federation","1980-07-04","6908489","QDi.365"
"Individual (개인)","TARKHAN ISMAILOVICH GAZIEV","Russian Federation","1965-11-11","6908490","QDi.366"
"Individual (개인)","ZAURBEK SALIMOVICH GUCHAEV","Russian Federation","1975-09-07","6908492","QDi.367"
"Individual (개인)","SHAMIL MAGOMEDOVICH ISMAILOV","Russian Federation","1980-10-29","6908493","QDi.368"
"Individual (개인)","MU’TASSIM YAHYA ‘ALI AL-RUMAYSH","Yemen","1973-01-04","6908478","QDi.369"
"Individual (개인)","TARAD MOHAMMAD Alnori Alfares ALJARBA","Saudi Arabia","1979-11-20","6908479","QDi.370"
"Individual (개인)","ABD AL-BASET AZZOUZ","Libya","1966-02-07","6908525","QDi.371"
"Individual (개인)","GULMUROD KHALIMOV","Tajikistan","1975-05-14","6908527","QDi.372"
"Individual (개인)","NUSRET IMAMOVIC","Bosnia and Herzegovina","1971-09-26","6908529","QDi.374"
"Individual (개인)","BOUBAKER BEN HABIB BEN AL-HAKIM","France","1983-08-01","6908481","QDi.375"
"Individual (개인)","PETER CHERIF","France","1982-08-26","6908482","QDi.376"
"Individual (개인)","MUHANNAD AL-NAJDI","Saudi Arabia","1984-05-19","6908530","QDi.377"
"Individual (개인)","MAXIME HAUCHARD","France","1992-03-17","6908483","QDi.378"
"Individual (개인)","ABD AL-LATIF BIN ABDALLAH SALIH MUHAMMAD AL-KAWARI","Qatar","1973-09-28","6908470","QDi.380"
"Individual (개인)","SA'D BIN SA'D MUHAMMAD SHARIYAN AL-KA'BI","Qatar","1972-02-15","6908472","QDi.382"
"Individual (개인)","MORAD LAABOUDI","Morocco","1993-02-26","6908531","QDi.383"
"Individual (개인)","ALI MUSA AL-SHAWAKH","Syrian Arab Republic","","6908532","QDi.384"
"Individual (개인)","HASAN AL-SALAHAYN SALIH AL-SHA’ARI","Libya","","6908533","QDi.385"
"Individual (개인)","MOUNIR BEN DHAOU BEN BRAHIM BEN HELAL","Tunisia","1983-05-10","6908534","QDi.386"
"Individual (개인)","MOHAMMED ABDEL-HALIM HEMAIDA SALEH","Egypt","1988-09-22","6908535","QDi.387"
"Individual (개인)","SALIM BENGHALEM","France","1980-07-06","6908536","QDi.388"
"Individual (개인)","ABU UBAYDAH YUSUF AL-ANABI","Algeria","1969-02-07","6908537","QDi.389"
"Individual (개인)","FAYSAL AHMAD BIN ALI AL-ZAHRANI","Saudi Arabia","1986-01-19","6908542","QDi.392"
"Individual (개인)","HUSAYN JUAYTHINI","State of Palestine","1977-05-03","6908544","QDi.394"
"Individual (개인)","MUHAMMAD SHOLEH IBRAHIM","Indonesia","","6908545","QDi.395"
"Individual (개인)","ASLAN AVGAZAROVICH BYUTUKAEV","Russian Federation","1974-10-22","6908547","QDi.396"
"Individual (개인)","AYRAT NASIMOVICH VAKHITOV","Russian Federation","1977-03-27","6908548","QDi.397"
"Individual (개인)","RUSTAM MAGOMEDOVICH ASELDEROV","Russian Federation","1981-03-09","6908574","QDi.398"
"Individual (개인)","BASSAM AHMAD AL-HASRI","Syrian Arab Republic","1969-01-01","6908575","QDi.399"
"Individual (개인)","IYAD NAZMI SALIH KHALIL","Jordan","","6908576","QDi.400"
"Individual (개인)","GHALIB ABDULLAH AL-ZAIDI","Yemen","","6908577","QDi.401"
"Individual (개인)","FARED SAAL","Germany","1989-02-18","6908598","QDi.403"
"Individual (개인)","MUHAMMAD BAHRUM NAIM ANGGIH TAMTOMO","Indonesia","1983-09-06","6908600","QDi.404"
"Individual (개인)","Malik Ruslanovich Barkhanoev","Russian Federation","1992-03-14","6908601","QDi.405"
"Individual (개인)","Murad Iraklievich Margoshvili","Russian Federation","1970-01-15","6908602","QDi.406"
"Individual (개인)","OMAN ROCHMAN","Indonesia","1972-01-05","6908603","QDi.407"
"Individual (개인)","ALEXANDA AMON KOTEY","United Kingdom of Great Britain and Northern Ireland","1983-12-13","6908608","QDi.408"
"Individual (개인)","ELSHAFEE EL SHEIKH","United Kingdom of Great Britain and Northern Ireland","1988-07-16","6908609","QDi.409"
"Individual (개인)","SHANE DOMINIC CRAWFORD","Trinidad and Tobago","1986-02-22","6908611","QDi.410"
"Individual (개인)","SALIM MUSTAFA MUHAMMAD AL-MANSUR","Iraq","1962-02-20","6908658","QDi.411"
"Individual (개인)","UMAR MAHMUD IRHAYYIM AL-KUBAYSI","Iraq","1967-06-16","6908659","QDi.412"
"Individual (개인)","MYRNA AJIJUL MABANZA","Philippines","1991-07-11","6908700","QDi.413"
"Individual (개인)","ABDULPATTA ESCALON ABUBAKAR","Philippines","1965-03-03","6908701","QDi.414"
"Individual (개인)","ADNAN ABOU WALID AL-SAHRAOUI","","1973-02-16","6908718","QDi.415"
"Individual (개인)","MOHAMMED YUSIP KARIM","Indonesia","1978-10-11","6908719","QDi.416"
"Individual (개인)","MOHAMAD RAFI BIN UDIN","Malaysia","1966-06-03","6908720","QDi.417"
"Individual (개인)","MUHAMMED REZA LAHAMAN KIRAM","Philippines","1990-03-03","6908721","QDi.418"
"Individual (개인)","ANJEM CHOUDARY","United Kingdom of Great Britain and Northern Ireland","1967-01-18","6908742","QDi.419"
"Individual (개인)","TAHA IBRAHIM ABDALLAH BAKR AL KHUWAYT","Iraq","","6908757","QDi.420"
"Individual (개인)","HAMZA USAMA MUHAMMAD BIN LADEN","","1989-05-09","6908767","QDi.421"
"Individual (개인)","MOHAMMED MASOOD AZHAR ALVI","Pakistan","1968-07-10","6908769","QDi.422"
"Individual (개인)","ALI MAYCHOU","Morocco","1983-05-25","6908782","QDi.423"
"Individual (개인)","BAH AG MOUSSA","Mali","1958-01-01","6908783","QDi.424"
"Individual (개인)","AMADOU KOUFA","","","6908823","QDi.425"
"Individual (개인)","Amir Muhammad Sa’id Abdal-Rahman al-Salbi","Iraq","1976-10-05","6908841","QDi.426"
"Individual (개인)","NOOR WALI MEHSUD","Pakistan","1978-06-26","6908843","QDi.427"
"Individual (개인)","JAMAL HUSSEIN HASSAN ZEINIYE","Syrian Arab Republic","1972-08-17","6908833","QDi.428"
"Individual (개인)","MOHAMMAD ALI AL HABBO","Syrian Arab Republic","1983-10-01","6908857","QDi.429"
"Individual (개인)","EMRAAN ALI","Trinidad and Tobago","1967-07-04","6908858","QDi.430"
"Individual (개인)","SANAULLAH GHAFARI","Afghanistan","1994-10-28","6908866","QDi.431"
"Individual (개인)","ASHRAF AL-QIZANI","Tunisia","1991-10-05","6908861","QDi.432"
"Individual (개인)","ABDUL REHMAN MAKKI","Pakistan","1954-12-10","6908887","QDi.433"
"Individual (개인)","MAULAWI RAJAB","Afghanistan","","6908904","QDi.434"
"Individual (개인)","SULTAN AZIZ AZAM","","","6908905","QDi.435"
"Individual (개인)","ABUBAKAR SWALLEH","Uganda","1992-01-13","6909290","QDi.436"
"Individual (개인)","GAFFAR MOHAMMED ELHASSAN","na","1952-06-24","690784","SDi.001"
"Individual (개인)","MUSA HILAL ABDALLA ALNSIEM","Sudan","1964-01-01","690785","SDi.002"
"Individual (개인)","JIBRIL ABDULKARIM IBRAHIM MAYU","Sudan","1967-01-01","690788","SDi.004"
"Individual (개인)","ABDEL RAHMAN JUMA BARKALLA","Sudan","1969-01-01","6909269","SDi.005"
"Individual (개인)","OSMAN MOHAMED HAMID MOHAMED","Sudan","1966-01-01","6909270","SDi.006"
"Individual (개인)","Yasin Ali Baynah","Somalia","1965-12-24","6908032","SOi.001"
"Individual (개인)","HASSAN DAHIR AWEYS","Somalia","","6908034","SOi.002"
"Individual (개인)","HASSAN ABDULLAH HERSI AL-TURKI","Somalia","","6908035","SOi.003"
"Individual (개인)","AHMED ABDI AW-MOHAMED","Somalia","1977-07-10","6908036","SOi.004"
"Individual (개인)","FUAD MOHAMED KHALAF","Somalia","","6908037","SOi.005"
"Individual (개인)","BASHIR MOHAMED MAHAMOUD","Somalia","","6908038","SOi.006"
"Individual (개인)","FARES MOHAMMED MANA'A","","1965-02-08","6908040","SOi.008"
"Individual (개인)","HASSAN MAHAT OMAR","Ethiopia","1979-04-10","6908041","SOi.009"
"Individual (개인)","OMAR HAMMAMI","United States of America","1986-05-06","6908042","SOi.010"
"Individual (개인)","ABOUD ROGO MOHAMMED","","1960-11-11","6908043","SOi.011"
"Individual (개인)","ABUBAKER SHARIFF AHMED","","","6908044","SOi.012"
"Individual (개인)","MAALIM SALMAN","","","6908432","SOi.013"
"Individual (개인)","AHMED DIRIYE","","","6908433","SOi.014"
"Individual (개인)","Ahmad Iman Ali","Kenya","","6908698","SOi.016"
"Individual (개인)","Abdifatah Abubakar Abdi","Somalia","1982-04-15","6908699","SOi.017"
"Individual (개인)","ABUKAR ALI ADAN","","","6908853","SOi.018"
"Individual (개인)","MAALIM AYMAN","","","6908854","SOi.019"
"Individual (개인)","MAHAD KARATE","","","6908855","SOi.020"
"Individual (개인)","ALI MOHAMED RAGE","Somalia","","6908868","SOi.021"
"Individual (개인)","ABDULLAHI OSMAN MOHAMED CADDOW","Somalia","","6908907","SOi.022"
"Individual (개인)","ABDIKADIR MOHAMED ABDIKADIR","Somalia","","6909265","SOi.023"
"Individual (개인)","MOHAMED MOHAMUD MIRE","Somalia","","6909266","SOi.024"
"Individual (개인)","MOHAMED OMAR MOHAMED","","","6909267","SOi.025"
"Individual (개인)","GABRIEL JOK RIAK MAKOL","South Sudan","1966-01-01","6908457","SSi.001"
"Individual (개인)","SIMON GATWECH DUAL","","","6908458","SSi.002"
"Individual (개인)","JAMES KOANG CHUOL","South Sudan","","6908461","SSi.003"
"Individual (개인)","SANTINO DENG WOL","","1962-11-09","6908459","SSi.004"
"Individual (개인)","MARIAL CHANUONG YOL MANGOK","South Sudan","1960-01-01","6908460","SSi.005"
"Individual (개인)","PETER GADET","","","6908462","SSi.006"
"Individual (개인)","MALEK REUBEN RIAK RENGU","South Sudan","1960-01-01","6908711","SSi.007"
"Individual (개인)","PAUL MALONG AWAN ANEI","South Sudan","1960-12-04","6908714","SSi.008"
"Individual (개인)","MOHAMMAD HASSAN AKHUND","Afghanistan","","110577","TAi.002"
"Individual (개인)","ABDUL KABIR MOHAMMAD JAN","Afghanistan","","110578","TAi.003"
"Individual (개인)","MOHAMMED OMAR GHULAM NABI","Afghanistan","","110579","TAi.004"
"Individual (개인)","MUHAMMAD TAHER ANWARI","Afghanistan","","110447","TAi.005"
"Individual (개인)","SAYYED MOHAMMED HAQQANI","Afghanistan","","110580","TAi.006"
"Individual (개인)","ABDUL LATIF MANSUR","Afghanistan","","110554","TAi.007"
"Individual (개인)","SHAMS UR-RAHMAN ABDUL ZAHIR","Afghanistan","","110896","TAi.008"
"Individual (개인)","ATTIQULLAH AKHUND","Afghanistan","","111034","TAi.009"
"Individual (개인)","AKHTAR MOHAMMAD MANSOUR SHAH MOHAMMED","Afghanistan","","111090","TAi.011"
"Individual (개인)","MOHAMMAD NAIM BARICH KHUDAIDAD","Afghanistan","","110897","TAi.013"
"Individual (개인)","HIDAYATULLAH","Afghanistan","","111092","TAi.014"
"Individual (개인)","YAR MOHAMMAD RAHIMI","Afghanistan","","111035","TAi.015"
"Individual (개인)","ALLAH DAD TAYEB WALI MUHAMMAD","Afghanistan","","111036","TAi.016"
"Individual (개인)","NIK MOHAMMAD DOST MOHAMMAD","Afghanistan","","111037","TAi.019"
"Individual (개인)","MATIULLAH","Afghanistan","","111094","TAi.020"
"Individual (개인)","ALLAH DAD MATIN","Afghanistan","","111038","TAi.021"
"Individual (개인)","UBAIDULLAH AKHUND YAR MOHAMMAD AKHUND","Afghanistan","","111039","TAi.022"
"Individual (개인)","FAZL MOHAMMAD MAZLOOM","Afghanistan","","110899","TAi.023"
"Individual (개인)","ABDUL GHANI BARADAR ABDUL AHMAD TURK","Afghanistan","","111040","TAi.024"
"Individual (개인)","ABDUL RAUF KHADEM","Afghanistan","","111041","TAi.025"
"Individual (개인)","AMIR KHAN MOTAQI","Afghanistan","","111042","TAi.026"
"Individual (개인)","ABDUL SALAM HANAFI ALI MARDAN QUL","Afghanistan","","111043","TAi.027"
"Individual (개인)","SAID AHMED SHAHIDKHEL","Afghanistan","","110900","TAi.028"
"Individual (개인)","AREFULLAH AREF GHAZI MOHAMMAD","Afghanistan","","111097","TAi.030"
"Individual (개인)","MOHAMMAD AHMADI","Afghanistan","","110901","TAi.031"
"Individual (개인)","ABDUL RAHMAN ZAHED","Afghanistan","","110912","TAi.033"
"Individual (개인)","ABDUL JALIL HAQQANI WALI MOHAMMAD","Afghanistan","","111107","TAi.034"
"Individual (개인)","FAIZ","Afghanistan","","110913","TAi.036"
"Individual (개인)","ABDUL BAQI BASIR AWAL SHAH","Afghanistan","","110914","TAi.038"
"Individual (개인)","MOHAMMAD JAWAD WAZIRI","Afghanistan","","111066","TAi.039"
"Individual (개인)","JALALUDDIN HAQQANI","Afghanistan","","110915","TAi.040"
"Individual (개인)","MOHAMMAD IBRAHIM OMARI","Afghanistan","","111067","TAi.042"
"Individual (개인)","DIN MOHAMMAD HANIF","Afghanistan","","110917","TAi.043"
"Individual (개인)","HAMDULLAH NOMANI","Afghanistan","","111068","TAi.044"
"Individual (개인)","QUDRATULLAH JAMAL","Afghanistan","","111108","TAi.047"
"Individual (개인)","ABDUL RAHMAN AHMAD HOTTAK","Afghanistan","","111109","TAi.049"
"Individual (개인)","ABDULHAI MOTMAEN","Afghanistan","","111110","TAi.051"
"Individual (개인)","MOHAMMAD YAQOUB","Afghanistan","","111070","TAi.052"
"Individual (개인)","ABDUL RAZAQ AKHUND LALA AKHUND","Afghanistan","","244736","TAi.053"
"Individual (개인)","SAYED MOHAMMAD AZIM AGHA","Afghanistan","","111072","TAi.057"
"Individual (개인)","NOORUDDIN TURABI MUHAMMAD QASIM","Afghanistan","","111112","TAi.058"
"Individual (개인)","MOHAMMAD ESSA AKHUND","Afghanistan","","111074","TAi.060"
"Individual (개인)","MOHAMMAD AZAM ELMI","Afghanistan","","111113","TAi.063"
"Individual (개인)","EZATULLAH HAQQANI KHAN SAYYID","Afghanistan","","110941","TAi.064"
"Individual (개인)","MOHAMMAD ABBAS AKHUND","Afghanistan","","110942","TAi.066"
"Individual (개인)","SHER MOHAMMAD ABBAS STANEKZAI PADSHAH KHAN","Afghanistan","","111075","TAi.067"
"Individual (개인)","MOHAMMADULLAH MATI","Afghanistan","","111076","TAi.068"
"Individual (개인)","RUSTUM HANAFI HABIBULLAH","Afghanistan","","110943","TAi.069"
"Individual (개인)","ATIQULLAH WALI MOHAMMAD","Afghanistan","","111077","TAi.070"
"Individual (개인)","NAJIBULLAH HAQQANI HIDAYATULLAH","Afghanistan","","111078","TAi.071"
"Individual (개인)","SAYYED GHIASSOUDDINE AGHA","Afghanistan","","110944","TAi.072"
"Individual (개인)","MOHAMMAD MOSLIM HAQQANI MUHAMMADI GUL","Afghanistan","","111115","TAi.073"
"Individual (개인)","ABDUL RAQIB TAKHARI","Afghanistan","","111080","TAi.075"
"Individual (개인)","MOHAMMAD WALI MOHAMMAD EWAZ","Afghanistan","","111081","TAi.078"
"Individual (개인)","MOHAMMAD SALIM HAQQANI","Afghanistan","","111118","TAi.079"
"Individual (개인)","SAYED ESMATULLAH ASEM ABDUL QUDDUS","Afghanistan","","111119","TAi.080"
"Individual (개인)","ABDUL-HAQ WASSIQ","Afghanistan","","110945","TAi.082"
"Individual (개인)","EHSANULLAH SARFIDA HESAMUDDIN AKHUNDZADA","Afghanistan","","111121","TAi.083"
"Individual (개인)","HABIBULLAH RESHAD","Afghanistan","","111082","TAi.084"
"Individual (개인)","AHMED JAN AKHUNDZADA WAZIR","Afghanistan","","111083","TAi.085"
"Individual (개인)","SADUDDIN SAYYED","Afghanistan","","111084","TAi.087"
"Individual (개인)","ABDUL JABBAR OMARI","Afghanistan","","110947","TAi.088"
"Individual (개인)","NURULLAH NURI","Afghanistan","1967-01-01","110948","TAi.089"
"Individual (개인)","JANAN AGHA","Afghanistan","","111204","TAi.091"
"Individual (개인)","DOST MOHAMMAD","Afghanistan","","111143","TAi.092"
"Individual (개인)","KHAIRULLAH KHAIRKHWAH","Afghanistan","","111144","TAi.093"
"Individual (개인)","ABDUL BARI AKHUND","Afghanistan","","111205","TAi.094"
"Individual (개인)","WALIJAN","Afghanistan","","110959","TAi.095"
"Individual (개인)","MOHAMMAD HASAN RAHMANI","Afghanistan","","110960","TAi.096"
"Individual (개인)","ABDUL MANAN NYAZI","Afghanistan","","110961","TAi.097"
"Individual (개인)","ABDUL WAHED SHAFIQ","Afghanistan","","111206","TAi.098"
"Individual (개인)","MOHAMMAD SHAFIQ MOHAMMADI","Afghanistan","","111207","TAi.099"
"Individual (개인)","NAZIR MOHAMMAD ABDUL BASIR","Afghanistan","","110962","TAi.100"
"Individual (개인)","MOHAMMAD ESHAQ AKHUNZADA","Afghanistan","","111145","TAi.101"
"Individual (개인)","ZIA-UR-RAHMAN MADANI","Afghanistan","","110963","TAi.102"
"Individual (개인)","SHAMSUDDIN","Afghanistan","","111146","TAi.103"
"Individual (개인)","MOHAMMAD RASUL AYYUB","Afghanistan","","111147","TAi.104"
"Individual (개인)","AHMAD TAHA KHALID ABDUL QADIR","Afghanistan","","110964","TAi.105"
"Individual (개인)","MOHAMMAD SHAFIQULLAH AHMADI FATIH KHAN","Afghanistan","","111208","TAi.106"
"Individual (개인)","AMINULLAH AMIN QUDDUS","Afghanistan","","110965","TAi.107"
"Individual (개인)","ABDULHAI SALEK","Afghanistan","","111209","TAi.108"
"Individual (개인)","AHMAD JAN AKHUNDZADA SHUKOOR AKHUNDZADA","Afghanistan","","111148","TAi.109"
"Individual (개인)","NOOR MOHAMMAD SAQIB","Afghanistan","","111210","TAi.110"
"Individual (개인)","HAMDULLAH SUNANI","Afghanistan","","111149","TAi.111"
"Individual (개인)","SHAHABUDDIN DELAWAR","Afghanistan","","111211","TAi.113"
"Individual (개인)","ABDUL RAHMAN AGHA","Afghanistan","","110967","TAi.114"
"Individual (개인)","HAMIDULLAH AKHUND SHER MOHAMMAD","Afghanistan","","111151","TAi.118"
"Individual (개인)","JAN MOHAMMAD MADANI IKRAM","Afghanistan","","111173","TAi.119"
"Individual (개인)","AZIZIRAHMAN ABDUL AHAD","Afghanistan","","111301","TAi.121"
"Individual (개인)","ABDUL MANAN MOHAMMAD ISHAK","Afghanistan","","111231","TAi.122"
"Individual (개인)","MOHAMMAD SARWAR SIDDIQMAL MOHAMMAD MASOOD","Afghanistan","","111176","TAi.126"
"Individual (개인)","MOHAMMAD ZAHID","Afghanistan","","111234","TAi.127"
"Individual (개인)","ABDUL QADEER BASIR ABDUL BASEER","Afghanistan","","111302","TAi.128"
"Individual (개인)","NAZIRULLAH HANAFI WALIULLAH","Afghanistan","","111235","TAi.129"
"Individual (개인)","ABDUL GHAFAR QURISHI ABDUL GHANI","Afghanistan","","690726","TAi.130"
"Individual (개인)","NAJIBULLAH MUHAMMAD JUMA","Afghanistan","","111236","TAi.132"
"Individual (개인)","ABDUL WALI SEDDIQI","Afghanistan","","111178","TAi.133"
"Individual (개인)","ABDUL QUDDUS MAZHARI","Afghanistan","","111179","TAi.135"
"Individual (개인)","MOHAMMAD SADIQ AMIR MOHAMMAD","Afghanistan","","111303","TAi.136"
"Individual (개인)","RAHMATULLAH KAKAZADA","Afghanistan","","111304","TAi.137"
"Individual (개인)","MOHAMMAD ALEEM NOORANI","Afghanistan","","111180","TAi.138"
"Individual (개인)","ABDUL GHAFAR SHINWARI","Afghanistan","1965-03-29","111238","TAi.139"
"Individual (개인)","GUL AHMAD HAKIMI","Afghanistan","","111181","TAi.140"
"Individual (개인)","ABDULLAH HAMAD MOHAMMAD KARIM","Afghanistan","","111305","TAi.141"
"Individual (개인)","ABDUL HAI HAZEM ABDUL QADER","Afghanistan","","111239","TAi.142"
"Individual (개인)","HAMDULLAH ALLAH NOOR","Afghanistan","","111182","TAi.143"
"Individual (개인)","SIRAJUDDIN JALLALOUDINE HAQQANI","Afghanistan","","2785696","TAi.144"
"Individual (개인)","AMIR ABDULLAH","Afghanistan","","2913551","TAi.145"
"Individual (개인)","NASIRUDDIN HAQQANI","Afghanistan","","2914108","TAi.146"
"Individual (개인)","GUL AGHA ISHAKZAI","","","2913442","TAi.147"
"Individual (개인)","ABDUL HABIB ALIZAI","Afghanistan","1963-10-15","2945892","TAi.148"
"Individual (개인)","SALEH MOHAMMAD KAKAR AKHTAR MUHAMMAD","Afghanistan","","2945562","TAi.149"
"Individual (개인)","KHALIL AHMED HAQQANI","Afghanistan","1966-01-01","2960150","TAi.150"
"Individual (개인)","FAIZULLAH KHAN NOORZAI na","Afghanistan","","2975510","TAi.153"
"Individual (개인)","MALIK NOORZAI","Afghanistan","1963-01-01","2975590","TAi.154"
"Individual (개인)","ABDUL AZIZ ABBASIN","","","2975591","TAi.155"
"Individual (개인)","AHMAD ZIA AGHA","","","2981707","TAi.156"
"Individual (개인)","FAZL RABI","Afghanistan","","2981583","TAi.157"
"Individual (개인)","MOHAMMAD AMAN AKHUND","","","2981821","TAi.158"
"Individual (개인)","AHMED JAN WAZIR AKHTAR MOHAMMAD","","","2981584","TAi.159"
"Individual (개인)","ABDUL SAMAD ACHEKZAI","Afghanistan","","2983128","TAi.160"
"Individual (개인)","BAKHT GUL","Afghanistan","","2989151","TAi.161"
"Individual (개인)","ABDUL SATAR ABDUL MANAN","","","2989674","TAi.162"
"Individual (개인)","KHAIRULLAH BARAKZAI KHUDAI NAZAR","","","2989740","TAi.163"
"Individual (개인)","ABDUL RAUF ZAKIR","Afghanistan","","3000769","TAi.164"
"Individual (개인)","MOHAMMED QASIM MIR WALI KHUDAI RAHIM","Afghanistan","","3000509","TAi.165"
"Individual (개인)","AHMED SHAH NOORZAI OBAIDULLAH","","1985-01-01","3013137","TAi.166"
"Individual (개인)","ADAM KHAN ACHEKZAI","Pakistan","","3016479","TAi.167"
"Individual (개인)","QARI SAIFULLAH TOKHI","Afghanistan","","3035783","TAi.168"
"Individual (개인)","YAHYA HAQQANI","Afghanistan","","6908403","TAi.169"
"Individual (개인)","SAIDULLAH JAN","","","6908404","TAi.170"
"Individual (개인)","MUHAMMAD OMAR ZADRAN","","","6908405","TAi.171"
"Individual (개인)","RAHMATULLAH SHAH NAWAZ","Afghanistan","","6908406","TAi.172"
"Individual (개인)","ABDUL BASIR NOORZAI","Afghanistan","","6908450","TAi.173"
"Individual (개인)","TOREK AGHA","","","6908491","TAi.174"
"Individual (개인)","ABD AL-KHALIQ AL-HOUTHI","Yemen","","6908434","YEi.001"
"Individual (개인)","ABDULLAH YAHYA AL HAKIM","Yemen","","6908435","YEi.002"
"Individual (개인)","ABDULMALIK AL-HOUTHI","","","6908455","YEi.004"
"Individual (개인)","SULTAN SALEH AIDA AIDA ZABIN","Yemen","1986-02-05","6908856","YEi.006"
"Individual (개인)","SALEH MESFER SALEH AL SHAER","Yemen","","6908863","YEi.007"
"Individual (개인)","MUHAMMAD ABD AL-KARIM AL-GHAMARI","Yemen","","6908864","YEi.008"
"Individual (개인)","YUSUF AL-MADANI","Yemen","","6908865","YEi.009"
"Individual (개인)","MANSUR AL-SA’ADI","Yemen","","6908884","YEi.010"
"Individual (개인)","MOTLAQ AMER AL-MARRANI","Yemen","1984-01-01","6908885","YEi.011"
"Individual (개인)","AHMAD AL-HAMZI","Yemen","","6908883","YEi.012"
"Entity (단체)","ADF","Democratic Republic of the Congo","","6908402","CDe.001"
"Entity (단체)","BUTEMBO AIRLINES (BAL)","Democratic Republic of the Congo","","6908024","CDe.002"
"Entity (단체)","COMPAGNIE AERIENNE DES GRANDS LACS (CAGL) ; GREAT LAKES BUSINESS COMPANY (GLBC)","Democratic Republic of the Congo","","6908026","CDe.003"
"Entity (단체)","CONGOMET TRADING HOUSE","","","6908025","CDe.004"
"Entity (단체)","FORCES DEMOCRATIQUES DE LIBERATION DU RWANDA (FDLR)","Democratic Republic of the Congo","","6908027","CDe.005"
"Entity (단체)","M23","","","6908028","CDe.006"
"Entity (단체)","MACHANGA LTD","Uganda","","6908029","CDe.007"
"Entity (단체)","TOUS POUR LA PAIX ET LE DEVELOPPEMENT (NGO)","Democratic Republic of the Congo","","6908030","CDe.008"
"Entity (단체)","UGANDA COMMERCIAL IMPEX (UCI) LTD","Uganda","","6908031","CDe.009"
"Entity (단체)","LORD’S RESISTANCE ARMY","Central African Republic","","6908539","CFe.002"
"Entity (단체)","GRAN GRIF","Haiti","","6909349","HTe.001"
"Entity (단체)","VIV ANSANM","Haiti","","6909350","HTe.002"
"Entity (단체)","IDLEB COMPANY FOR SPINNING","Iraq","","6908183","IQe.049"
"Entity (단체)","AL WASEL AND BABEL GENERAL TRADING LLC","United Arab Emirates","","6908332","IQe.197"
"Entity (단체)","AVIATRANS ANSTALT","Liechtenstein","","6908334","IQe.199"
"Entity (단체)","LOGARCHEO S.A.","Switzerland","","6908335","IQe.200"
"Entity (단체)","Al-ARABI TRADING COMPANY","Iraq","","6908338","IQe.203"
"Entity (단체)","AL-BASHAIR TRADING COMPANY, LTD","Iraq","","6908339","IQe.204"
"Entity (단체)","TRADING AND TRANSPORT SERVICES COMPANY, LTD","Jordan","","6908340","IQe.205"
"Entity (단체)","ALFA COMPANY LIMITED FOR INTERNATIONAL TRADING AND MARKETING","Jordan","","6908341","IQe.206"
"Entity (단체)","TECHNOLOGY AND DEVELOPMENT GROUP LIMITED","United Kingdom of Great Britain and Northern Ireland","","6908342","IQe.207"
"Entity (단체)","T.M.G. ENGINEERING LIMITED","United Kingdom of Great Britain and Northern Ireland","","6908343","IQe.208"
"Entity (단체)","7TH OF TIR","","","110403","IRe.001"
"Entity (단체)","ABZAR BORESH KAVEH CO. (BK CO.)","","","110402","IRe.002"
"Entity (단체)","AMIN INDUSTRIAL COMPLEX","Iran (Islamic Republic of)","","110401","IRe.003"
"Entity (단체)","AMMUNITION AND METALLURGY INDUSTRIES GROUP (AMIG)","","","110400","IRe.004"
"Entity (단체)","ARMAMENT INDUSTRIES GROUP (AIG)","Iran (Islamic Republic of)","","110399","IRe.005"
"Entity (단체)","ATOMIC ENERGY ORGANISATION OF IRAN (AEOI)","","","110398","IRe.006"
"Entity (단체)","BANK SEPAH AND BANK SEPAH INTERNATIONAL","","","110397","IRe.007"
"Entity (단체)","BARZAGANI TEJARAT TAVANMAD SACCAL COMPANIES","","","110396","IRe.008"
"Entity (단체)","BEHINEH TRADING CO.","Iran (Islamic Republic of)","","110395","IRe.009"
"Entity (단체)","CRUISE MISSILE INDUSTRY GROUP","","","110394","IRe.010"
"Entity (단체)","DEFENCE INDUSTRIES ORGANISATION (DIO)","","","110393","IRe.011"
"Entity (단체)","DEFENSE TECHNOLOGY AND SCIENCE RESEARCH CENTER (DTSRC)","Iran (Islamic Republic of)","","110392","IRe.012"
"Entity (단체)","DOOSTAN INTERNATIONAL COMPANY (DICO)","","","110391","IRe.013"
"Entity (단체)","ELECTRO SANAM COMPANY","","","110390","IRe.014"
"Entity (단체)","ESFAHAN NUCLEAR FUEL RESEARCH AND PRODUCTION CENTRE (NFRPC) AND ESFAHAN NUCLEAR TECHNOLOGY CENTRE (ENTC)","","","110389","IRe.015"
"Entity (단체)","ETTEHAD TECHNICAL GROUP","","","110388","IRe.016"
"Entity (단체)","FAJR INDUSTRIAL GROUP","","","110387","IRe.017"
"Entity (단체)","FARASAKHT INDUSTRIES","Iran (Islamic Republic of)","","110386","IRe.018"
"Entity (단체)","FARAYAND TECHNIQUE","","","110385","IRe.019"
"Entity (단체)","FATER INSTITUTE","","","110384","IRe.020"
"Entity (단체)","FIRST EAST EXPORT BANK, P.L.C.","Malaysia","","110383","IRe.021"
"Entity (단체)","GHARAGAHE SAZANDEGI GHAEM","","","110382","IRe.022"
"Entity (단체)","GHORB KARBALA","","","110381","IRe.023"
"Entity (단체)","GHORB NOOH","","","110380","IRe.024"
"Entity (단체)","HARA COMPANY","","","110379","IRe.025"
"Entity (단체)","IMENSAZAN CONSULTANT ENGINEERS INSTITUTE","","","110378","IRe.026"
"Entity (단체)","INDUSTRIAL FACTORIES OF PRECISION (IFP) MACHINERY","","","110377","IRe.027"
"Entity (단체)","IRANO HIND SHIPPING COMPANY","Iran (Islamic Republic of)","","110376","IRe.028"
"Entity (단체)","IRISL BENELUX NV","Belgium","","110375","IRe.029"
"Entity (단체)","JABBER IBN HAYAN","","","110374","IRe.030"
"Entity (단체)","JOZA INDUSTRIAL CO.","","","110373","IRe.031"
"Entity (단체)","KALA-ELECTRIC","","","110372","IRe.032"
"Entity (단체)","KARAJ NUCLEAR RESEARCH CENTRE","","","110371","IRe.033"
"Entity (단체)","KAVEH CUTTING TOOLS COMPANY","Iran (Islamic Republic of)","","110370","IRe.034"
"Entity (단체)","KAVOSHYAR COMPANY","","","110369","IRe.035"
"Entity (단체)","KHATAM AL-ANBIYA CONSTRUCTION HEADQUARTERS (KAA)","","","110368","IRe.036"
"Entity (단체)","KHORASAN METALLURGY INDUSTRIES","","","110367","IRe.037"
"Entity (단체)","M. BABAIE INDUSTRIES","Iran (Islamic Republic of)","","110366","IRe.038"
"Entity (단체)","MAKIN","","","110365","IRe.039"
"Entity (단체)","MALEK ASHTAR UNIVERSITY","Iran (Islamic Republic of)","","110364","IRe.040"
"Entity (단체)","MESBAH ENERGY COMPANY","","","110363","IRe.041"
"Entity (단체)","MINISTRY OF DEFENSE LOGISTICS EXPORT","Iran (Islamic Republic of)","","110362","IRe.042"
"Entity (단체)","MIZAN MACHINERY MANUFACTURING","Iran (Islamic Republic of)","","110361","IRe.043"
"Entity (단체)","MODERN INDUSTRIES TECHNIQUE COMPANY (MITEC)","Iran (Islamic Republic of)","","110360","IRe.044"
"Entity (단체)","NIRU BATTERY MANUFACTURING COMPANY","","","110359","IRe.045"
"Entity (단체)","NOVIN ENERGY COMPANY","","","110358","IRe.046"
"Entity (단체)","NUCLEAR RESEARCH CENTER FOR AGRICULTURE AND MEDICINE (NFRPC)","Iran (Islamic Republic of)","","110357","IRe.047"
"Entity (단체)","OMRAN SAHEL","","","110356","IRe.048"
"Entity (단체)","ORIENTAL OIL KISH","","","110355","IRe.049"
"Entity (단체)","PARCHIN CHEMICAL INDUSTRIES","","","110354","IRe.050"
"Entity (단체)","PARS AVIATION SERVICES COMPANY","","","110353","IRe.051"
"Entity (단체)","PARS TRASH COMPANY","","","110352","IRe.052"
"Entity (단체)","PEJMAN INDUSTRIAL SERVICES CORPORATION","Iran (Islamic Republic of)","","110351","IRe.053"
"Entity (단체)","PISHGAM ENERGY INDUSTRIES","","","110350","IRe.054"
"Entity (단체)","QODS AERONAUTICS INDUSTRIES","","","110349","IRe.055"
"Entity (단체)","RAH SAHEL","","","110348","IRe.056"
"Entity (단체)","RAHAB ENGINEERING INSTITUTE","","","110347","IRe.057"
"Entity (단체)","SABALAN COMPANY","Iran (Islamic Republic of)","","110346","IRe.058"
"Entity (단체)","SAD IMPORT EXPORT COMPANY","Iran (Islamic Republic of)","","110345","IRe.059"
"Entity (단체)","SAFETY EQUIPMENT PROCUREMENT (SEP)","","","110344","IRe.060"
"Entity (단체)","SAHAND ALUMINUM PARTS INDUSTRIAL COMPANY (SAPICO)","Iran (Islamic Republic of)","","110343","IRe.061"
"Entity (단체)","SAHEL CONSULTANT ENGINEERS","","","110342","IRe.062"
"Entity (단체)","SANAM INDUSTRIAL GROUP","","","110341","IRe.063"
"Entity (단체)","SEPANIR","","","110340","IRe.064"
"Entity (단체)","SEPASAD ENGINEERING COMPANY","","","110339","IRe.065"
"Entity (단체)","SHAHID BAGHERI INDUSTRIAL GROUP (SBIG)","","","110338","IRe.066"
"Entity (단체)","SHAHID HEMMAT INDUSTRIAL GROUP (SHIG)","","","110337","IRe.067"
"Entity (단체)","SHAHID KARRAZI INDUSTRIES","Iran (Islamic Republic of)","","110336","IRe.068"
"Entity (단체)","SHAHID SATTARI INDUSTRIES","Iran (Islamic Republic of)","","110335","IRe.069"
"Entity (단체)","SHAHID SAYYADE SHIRAZI INDUSTRIES (SSSI)","Iran (Islamic Republic of)","","110334","IRe.070"
"Entity (단체)","SHO'A' AVIATION","","","110333","IRe.071"
"Entity (단체)","SOUTH SHIPPING LINE IRAN (SSL)","Iran (Islamic Republic of)","","110332","IRe.072"
"Entity (단체)","SPECIAL INDUSTRIES GROUP (SIG)","Iran (Islamic Republic of)","","110331","IRe.073"
"Entity (단체)","TAMAS COMPANY","","","110330","IRe.074"
"Entity (단체)","TIZ PARS","Iran (Islamic Republic of)","","110329","IRe.075"
"Entity (단체)","YA MAHDI INDUSTRIES GROUP","","","110328","IRe.076"
"Entity (단체)","YAS AIR","Iran (Islamic Republic of)","","110327","IRe.077"
"Entity (단체)","YAZD METALLURGY INDUSTRIES (YMI)","Iran (Islamic Republic of)","","110326","IRe.078"
"Entity (단체)","KOREA MINING DEVELOPMENT TRADING CORPORATION","Democratic People's Republic of Korea","","690735","KPe.001"
"Entity (단체)","KOREA RYONBONG GENERAL CORPORATION","Democratic People's Republic of Korea","","690751","KPe.002"
"Entity (단체)","TANCHON COMMERCIAL BANK","Democratic People's Republic of Korea","","690752","KPe.003"
"Entity (단체)","NAMCHONGANG TRADING CORPORATION","Democratic People's Republic of Korea","","690753","KPe.004"
"Entity (단체)","HONG KONG ELECTRONICS","Iran (Islamic Republic of)","","690755","KPe.005"
"Entity (단체)","KOREA HYOKSIN TRADING CORPORATION","Democratic People's Republic of Korea","","690756","KPe.006"
"Entity (단체)","GENERAL BUREAU OF ATOMIC ENERGY (GBAE)","Democratic People's Republic of Korea","","690758","KPe.007"
"Entity (단체)","KOREAN TANGUN TRADING CORPORATION","Democratic People's Republic of Korea","","690759","KPe.008"
"Entity (단체)","AMROGGANG DEVELOPMENT BANKING CORPORATION","Democratic People's Republic of Korea","","690760","KPe.009"
"Entity (단체)","GREEN PINE ASSOCIATED CORPORATION","Democratic People's Republic of Korea","","690761","KPe.010"
"Entity (단체)","KOREA HEUNGJIN TRADING COMPANY","Democratic People's Republic of Korea","","690762","KPe.011"
"Entity (단체)","KOREAN COMMITTEE FOR SPACE TECHNOLOGY","Democratic People's Republic of Korea","","690763","KPe.012"
"Entity (단체)","BANK OF EAST LAND","Democratic People's Republic of Korea","","690764","KPe.013"
"Entity (단체)","KOREA KUMRYONG TRADING CORPORATION","","","690765","KPe.014"
"Entity (단체)","TOSONG TECHNOLOGY TRADING CORPORATION","Democratic People's Republic of Korea","","690766","KPe.015"
"Entity (단체)","KOREA RYONHA MACHINERY JOINT VENTURE CORPORATION","Democratic People's Republic of Korea","","690767","KPe.016"
"Entity (단체)","LEADER (HONG KONG) INTERNATIONAL","China, Hong Kong Special Administrative Region","","690768","KPe.017"
"Entity (단체)","SECOND ACADEMY OF NATURAL SCIENCES","Democratic People's Republic of Korea","","690769","KPe.018"
"Entity (단체)","KOREA COMPLEX EQUIPMENT IMPORT CORPORATION","Democratic People's Republic of Korea","","690770","KPe.019"
"Entity (단체)","OCEAN MARITIME MANAGEMENT COMPANY, LIMITED (OMM)","Democratic People's Republic of Korea","","6908046","KPe.020"
"Entity (단체)","ACADEMY OF NATIONAL DEFENSE SCIENCE","Democratic People's Republic of Korea","","6908510","KPe.021"
"Entity (단체)","CHONGCHONGANG SHIPPING COMPANY","Democratic People's Republic of Korea","","6908516","KPe.022"
"Entity (단체)","DAEDONG CREDIT BANK (DCB)","Democratic People's Republic of Korea","","6908499","KPe.023"
"Entity (단체)","HESONG TRADING COMPANY","Democratic People's Republic of Korea","","6908517","KPe.024"
"Entity (단체)","KOREA KWANGSON BANKING CORPORATION (KKBC)","Democratic People's Republic of Korea","","6908518","KPe.025"
"Entity (단체)","KOREA KWANGSONG TRADING CORPORATION","Democratic People's Republic of Korea","","6908519","KPe.026"
"Entity (단체)","MINISTRY OF ATOMIC ENERGY INDUSTRY","Democratic People's Republic of Korea","","6908520","KPe.027"
"Entity (단체)","MUNITIONS INDUSTRY DEPARTMENT","Democratic People's Republic of Korea","","6908522","KPe.028"
"Entity (단체)","NATIONAL AEROSPACE TECHNOLOGY ADMINISTRATION","Democratic People's Republic of Korea","","6908523","KPe.029"
"Entity (단체)","OFFICE 39","Democratic People's Republic of Korea","","6908524","KPe.030"
"Entity (단체)","RECONNAISSANCE GENERAL BUREAU","Democratic People's Republic of Korea","","6908526","KPe.031"
"Entity (단체)","SECOND ECONOMIC COMMITTEE","Democratic People's Republic of Korea","","6908528","KPe.032"
"Entity (단체)","KOREA UNITED DEVELOPMENT BANK","Democratic People's Republic of Korea","","6908563","KPe.033"
"Entity (단체)","ILSIM INTERNATIONAL BANK","Democratic People's Republic of Korea","","6908551","KPe.034"
"Entity (단체)","KOREA DAESONG BANK","Democratic People's Republic of Korea","","6908552","KPe.035"
"Entity (단체)","SINGWANG ECONOMICS AND TRADING GENERAL CORPORATION","Democratic People's Republic of Korea","","6908553","KPe.036"
"Entity (단체)","KOREA FOREIGN TECHNICAL TRADE CENTER","Democratic People's Republic of Korea","","6908557","KPe.037"
"Entity (단체)","KOREA PUGANG TRADING CORPORATION","Democratic People's Republic of Korea","","6908561","KPe.038"
"Entity (단체)","KOREA INTERNATIONAL CHEMICAL JOINT VENTURE COMPANY","Democratic People's Republic of Korea","","6908562","KPe.039"
"Entity (단체)","DCB FINANCE LIMITED","British Virgin Islands","","6908556","KPe.040"
"Entity (단체)","KOREA TAESONG TRADING COMPANY","Democratic People's Republic of Korea","","6908559","KPe.041"
"Entity (단체)","KOREA DAESONG GENERAL TRADING CORPORATION","Democratic People's Republic of Korea","","6908560","KPe.042"
"Entity (단체)","KANGBONG TRADING CORPORATION","Democratic People's Republic of Korea","","6908594","KPe.043"
"Entity (단체)","KOREA KUMSAN TRADING CORPORATION","Democratic People's Republic of Korea","","6908595","KPe.044"
"Entity (단체)","KORYO BANK","Democratic People's Republic of Korea","","6908596","KPe.045"
"Entity (단체)","STRATEGIC ROCKET FORCE OF THE KOREAN PEOPLE’S ARMY","Democratic People's Republic of Korea","","6908597","KPe.046"
"Entity (단체)","FOREIGN TRADE BANK (FTB)","Democratic People's Republic of Korea","","6908622","KPe.047"
"Entity (단체)","KOREAN NATIONAL INSURANCE COMPANY (KNIC)","Democratic People's Republic of Korea","","6908623","KPe.048"
"Entity (단체)","KORYO CREDIT DEVELOPMENT BANK","Democratic People's Republic of Korea","","6908624","KPe.049"
"Entity (단체)","MANSUDAE OVERSEAS PROJECT GROUP OF COMPANIES","Democratic People's Republic of Korea","","6908625","KPe.050"
"Entity (단체)","CENTRAL MILITARY COMMISSION OF THE WORKERS’ PARTY OF KOREA (CMC)","Democratic People's Republic of Korea","","6908627","KPe.051"
"Entity (단체)","ORGANIZATION AND GUIDANCE DEPARTMENT (OGD)","Democratic People's Republic of Korea","","6908628","KPe.052"
"Entity (단체)","PROPAGANDA AND AGITATION DEPARTMENT (PAD)","Democratic People's Republic of Korea","","6908629","KPe.053"
"Entity (단체)","MINISTRY OF NATIONAL DEFENCE","Democratic People's Republic of Korea","","6908657","KPe.054"
"Entity (단체)","CHANG AN SHIPPING & TECHNOLOGY","China","","6908691","KPe.055"
"Entity (단체)","CHONMYONG SHIPPING CO","Democratic People's Republic of Korea","","6908670","KPe.056"
"Entity (단체)","FIRST OIL JV CO LTD","Democratic People's Republic of Korea","","6908671","KPe.057"
"Entity (단체)","HAPJANGGANG SHIPPING CORP","Democratic People's Republic of Korea","","6908672","KPe.058"
"Entity (단체)","HUAXIN SHIPPING HONGKONG LTD","China","","6908693","KPe.059"
"Entity (단체)","KINGLY WON INTERNATIONAL CO., LTD","Marshall Islands","","6908673","KPe.060"
"Entity (단체)","KOREA ACHIM SHIPPING CO","Democratic People's Republic of Korea","","6908674","KPe.061"
"Entity (단체)","KOREA ANSAN SHIPPING COMPANY","Democratic People's Republic of Korea","","6908675","KPe.062"
"Entity (단체)","KOREA MYONGDOK SHIPPING CO","Democratic People's Republic of Korea","","6908676","KPe.063"
"Entity (단체)","KOREA SAMJONG SHIPPING","Democratic People's Republic of Korea","","6908677","KPe.064"
"Entity (단체)","KOREA SAMMA SHIPPING CO","Democratic People's Republic of Korea","","6908678","KPe.065"
"Entity (단체)","KOREA YUJONG SHIPPING CO LTD","Democratic People's Republic of Korea","","6908680","KPe.066"
"Entity (단체)","KOTI CORP","Panama","","6908681","KPe.067"
"Entity (단체)","MYOHYANG SHIPPING CO","Democratic People's Republic of Korea","","6908967","KPe.068"
"Entity (단체)","PAEKMA SHIPPING CO","Democratic People's Republic of Korea","","6908683","KPe.069"
"Entity (단체)","PHYONGCHON SHIPPING & MARINE","Democratic People's Republic of Korea","","6908684","KPe.070"
"Entity (단체)","PRO-GAIN GROUP CORPORATION","","","6908686","KPe.071"
"Entity (단체)","SHANGHAI DONGFENG SHIPPING CO LTD","China","","6908695","KPe.072"
"Entity (단체)","SHEN ZHONG INTERNATIONAL SHIPPING","China","","6908696","KPe.073"
"Entity (단체)","WEIHAI WORLD-SHIPPING FREIGHT","China","","6908697","KPe.074"
"Entity (단체)","YUK TUNG ENERGY PTE LTD","Singapore","","6908689","KPe.075"
"Entity (단체)","LIBYAN INVESTMENT AUTHORITY","Libya","","690782","LYe.001"
"Entity (단체)","LIBYAN AFRICA INVESTMENT PORTFOLIO","Libya","","690783","LYe.002"
"Entity (단체)","ABU SAYYAF GROUP","Philippines","","113445","QDe.001"
"Entity (단체)","AL-ITIHAAD AL-ISLAMIYA / AIAI","","","113457","QDe.002"
"Entity (단체)","EGYPTIAN ISLAMIC JIHAD","","","113236","QDe.003"
"Entity (단체)","AL-QAIDA","","","113458","QDe.004"
"Entity (단체)","AL RASHID TRUST","Pakistan","","113459","QDe.005"
"Entity (단체)","ARMED ISLAMIC GROUP","Algeria","","113237","QDe.006"
"Entity (단체)","ASBAT AL-ANSAR","Lebanon","","113461","QDe.007"
"Entity (단체)","HARAKAT UL-MUJAHIDIN / HUM","Pakistan","","113263","QDe.008"
"Entity (단체)","ISLAMIC ARMY OF ADEN","","","114074","QDe.009"
"Entity (단체)","ISLAMIC MOVEMENT OF UZBEKISTAN","","","113964","QDe.010"
"Entity (단체)","LIBYAN ISLAMIC FIGHTING GROUP","Libya","","114090","QDe.011"
"Entity (단체)","MAKHTAB AL-KHIDAMAT","","","113858","QDe.012"
"Entity (단체)","THE ORGANIZATION OF AL-QAIDA IN THE ISLAMIC MAGHREB","Algeria","","113995","QDe.014"
"Entity (단체)","WAFA HUMANITARIAN ORGANIZATION","Pakistan","","114113","QDe.015"
"Entity (단체)","JAISH-I-MOHAMMED","Pakistan","","113965","QDe.019"
"Entity (단체)","JAM'YAH TA'AWUN AL-ISLAMIA","Afghanistan","","113854","QDe.020"
"Entity (단체)","RABITA TRUST","Pakistan","","113993","QDe.021"
"Entity (단체)","UMMAH TAMEER E-NAU (UTN)","Afghanistan","","113883","QDe.068"
"Entity (단체)","AFGHAN SUPPORT COMMITTEE (ASC)","Pakistan","","113226","QDe.069"
"Entity (단체)","REVIVAL OF ISLAMIC HERITAGE SOCIETY","Pakistan","","113994","QDe.070"
"Entity (단체)","EASTERN TURKISTAN ISLAMIC MOVEMENT (ETIM)","","","113356","QDe.088"
"Entity (단체)","MOROCCAN ISLAMIC COMBATANT GROUP","Morocco","","113977","QDe.089"
"Entity (단체)","TUNISIAN COMBATANT GROUP","Tunisia","","113997","QDe.090"
"Entity (단체)","GLOBAL RELIEF FOUNDATION (GRF)","United States of America","","113476","QDe.091"
"Entity (단체)","JEMAAH ISLAMIYAH","","","113967","QDe.092"
"Entity (단체)","BENEVOLENCE INTERNATIONAL FOUNDATION","United States of America","","113474","QDe.093"
"Entity (단체)","LASHKAR I JHANGVI (LJ)","","","114089","QDe.096"
"Entity (단체)","ANSAR AL-ISLAM","","","113460","QDe.098"
"Entity (단체)","ISLAMIC INTERNATIONAL BRIGADE (IIB)","","","113963","QDe.099"
"Entity (단체)","RIYADUS-SALIKHIN RECONNAISSANCE AND SABOTAGE BATTALION OF CHECHEN MARTYRS (RSRSBCM)","","","113868","QDe.100"
"Entity (단체)","SPECIAL PURPOSE ISLAMIC REGIMENT (SPIR)","","","114111","QDe.101"
"Entity (단체)","AL-HARAMAIN FOUNDATION (PAKISTAN)","Pakistan","","113455","QDe.104"
"Entity (단체)","AL-HARAMAYN FOUNDATION (KENYA)","Kenya","","113338","QDe.105"
"Entity (단체)","AL-HARAMAYN FOUNDATION (TANZANIA)","United Republic of Tanzania","","113339","QDe.106"
"Entity (단체)","AL FURQAN","Bosnia and Herzegovina","","113231","QDe.107"
"Entity (단체)","TAIBAH INTERNATIONAL-BOSNIA OFFICES","Bosnia and Herzegovina","","114112","QDe.108"
"Entity (단체)","AL-HARAMAIN & AL MASJED AL-AQSA CHARITY FOUNDATION","Bosnia and Herzegovina","","113232","QDe.109"
"Entity (단체)","AL-HARAMAIN: AFGHANISTAN BRANCH","Afghanistan","","113453","QDe.110"
"Entity (단체)","AL-HARAMAIN: ALBANIA BRANCH","Albania","","113335","QDe.111"
"Entity (단체)","AL-HARAMAIN: BANGLADESH BRANCH","Bangladesh","","113454","QDe.112"
"Entity (단체)","AL-HARAMAIN: ETHIOPIA BRANCH","Ethiopia","","113233","QDe.113"
"Entity (단체)","AL-HARAMAIN: THE NETHERLANDS BRANCH","Netherlands","","113235","QDe.114"
"Entity (단체)","AL-QAIDA IN IRAQ","","","113966","QDe.115"
"Entity (단체)","AL-HARAMAIN FOUNDATION (UNION OF THE COMOROS)","Comoros","","113234","QDe.116"
"Entity (단체)","LASHKAR-E-TAYYIBA","","","114076","QDe.118"
"Entity (단체)","ISLAMIC JIHAD GROUP","","","113853","QDe.119"
"Entity (단체)","AL-AKHTAR TRUST INTERNATIONAL","Pakistan","","113227","QDe.121"
"Entity (단체)","RAJAH SOLAIMAN MOVEMENT","Philippines","","2812924","QDe.128"
"Entity (단체)","AL-QAIDA IN THE ARABIAN PENINSULA (AQAP)","","","2881836","QDe.129"
"Entity (단체)","HARAKAT-UL JIHAD ISLAMI","","","2921366","QDe.130"
"Entity (단체)","EMARAT KAVKAZ","","","2971893","QDe.131"
"Entity (단체)","TEHRIK-E TALIBAN PAKISTAN (TTP)","","","2971894","QDe.132"
"Entity (단체)","JEMMAH ANSHORUT TAUHID (JAT)","Indonesia","","2983820","QDe.133"
"Entity (단체)","MOUVEMENT POUR L’UNIFICATION ET LE JIHAD EN AFRIQUE DE L’OUEST (MUJAO)","Mali","","3001252","QDe.134"
"Entity (단체)","ANSAR EDDINE","Mali","","3014161","QDe.135"
"Entity (단체)","MUHAMMAD JAMAL NETWORK (MJN)","","","3026605","QDe.136"
"Entity (단체)","AL-NUSRAH FRONT FOR THE PEOPLE OF THE LEVANT","Syrian Arab Republic","","6908429","QDe.137"
"Entity (단체)","JAMA'ATU AHLIS SUNNA LIDDA'AWATI WAL-JIHAD","Nigeria","","6908431","QDe.138"
"Entity (단체)","AL MOUAKAOUNE BIDDAM","Mali","","6908426","QDe.139"
"Entity (단체)","AL MOULATHAMOUN","Mali","","6908427","QDe.140"
"Entity (단체)","AL MOURABITOUN","Mali","","6908428","QDe.141"
"Entity (단체)","ANSARUL MUSLIMINA FI BILADIS SUDAN","Nigeria","","6908430","QDe.142"
"Entity (단체)","ANSAR AL-SHARI’A IN TUNISIA (AAS-T)","Tunisia","","6908410","QDe.143"
"Entity (단체)","ABDALLAH AZZAM BRIGADES (AAB)","","","6908409","QDe.144"
"Entity (단체)","ANSAR AL CHARIA DERNA","","","6908437","QDe.145"
"Entity (단체)","ANSAR AL CHARIA BENGHAZI","","","6908438","QDe.146"
"Entity (단체)","HILAL AHMAR SOCIETY INDONESIA (HASI)","","","6908448","QDe.147"
"Entity (단체)","THE ARMY OF EMIGRANTS AND SUPPORTERS","Syrian Arab Republic","","6908463","QDe.148"
"Entity (단체)","HARAKAT SHAM AL-ISLAM","Syrian Arab Republic","","6908521","QDe.149"
"Entity (단체)","MUJAHIDIN INDONESIAN TIMUR (MIT)","Indonesia","","6908485","QDe.150"
"Entity (단체)","JUND AL-KHILAFAH IN ALGERIA (JAK-A)","Algeria","","6908486","QDe.151"
"Entity (단체)","JAMAAT-UL-AHRAR (JuA)","Pakistan","","6908599","QDe.152"
"Entity (단체)","HANIFA MONEY EXCHANGE OFFICE (BRANCH LOCATED IN ALBU KAMAL, SYRIAN ARAB REPUBLIC)","Syrian Arab Republic","","6908604","QDe.153"
"Entity (단체)","SELSELAT AL-THAHAB","Iraq","","6908605","QDe.154"
"Entity (단체)","Jaysh Khalid Ibn al Waleed","","","6908606","QDe.155"
"Entity (단체)","JUND AL AQSA","Syrian Arab Republic","","6908607","QDe.156"
"Entity (단체)","AL-KAWTHAR MONEY EXCHANGE","Iraq","","6908660","QDe.157"
"Entity (단체)","KHATIBA IMAM AL-BUKHARI (KIB)","Syrian Arab Republic","","6908669","QDe.158"
"Entity (단체)","JAMA'A NUSRAT UL-ISLAM WA AL-MUSLIMIN (JNIM)","","","6908726","QDe.159"
"Entity (단체)","TARIQ GIDAR GROUP (TGG)","","","6908768","QDe.160"
"Entity (단체)","ISLAMIC STATE IN IRAQ AND THE LEVANT - KHORASAN (ISIL-K)","","","6908777","QDe.161"
"Entity (단체)","ISLAMIC STATE WEST AFRICA PROVINCE (ISWAP)","","","6908802","QDe.162"
"Entity (단체)","ISLAMIC STATE IN THE GREATER SAHARA (ISGS)","","","6908803","QDe.163"
"Entity (단체)","JAMAAH ANSHARUT DAULAH","","","6908835","QDe.164"
"Entity (단체)","ISLAMIC STATE IN IRAQ AND THE LEVANT - LIBYA","","","6908836","QDe.165"
"Entity (단체)","ISLAMIC STATE IN IRAQ AND THE LEVANT - YEMEN","","","6908837","QDe.166"
"Entity (단체)","JUND AL-KHILAFAH IN TUNISIA (JAK-T)","","","6908862","QDe.167"
"Entity (단체)","KHATIBA AL-TAWHID WAL-JIHAD (KTJ)","","","6908877","QDe.168"
"Entity (단체)","Islamic State In Iraq And the Levant In South-East Asia (ISIL-SEA, ISIL-South East Asia)","","","6908886","QDe.169"
"Entity (단체)","AL-SHABAAB","","","6908033","SOe.001"
"Entity (단체)","HAJI KHAIRULLAH HAJI SATTAR MONEY EXCHANGE","","","2989469","TAe.010"
"Entity (단체)","ROSHAN MONEY EXCHANGE","","","2989573","TAe.011"
"Entity (단체)","HAQQANI NETWORK (HQN)","","","3000441","TAe.012"
"Entity (단체)","RAHAT LTD.","","","3000510","TAe.013"
"Entity (단체)","HAJI BASIR AND ZARJMIL COMPANY HAWALA","Pakistan","","6908451","TAe.014"
"Entity (단체)","THE HOUTHIS","Yemen","","6908876","YEe.001"